epoch,feature,G86,CONTROL,MISSED_NON86,majority_prior
0,p3,0.2442,0.7364,0.4878,0.3617
1,p3,0.2442,0.7897,0.561,0.3617
2,p3,0.314,0.7449,0.5061,0.3617
5,p3,0.3488,0.7869,0.4451,0.3617
10,p3,0.3256,0.8056,0.5488,0.3617
20,p3,0.3256,0.7673,0.5366,0.3617
30,p3,0.3605,0.7224,0.4878,0.3617
50,p3,0.3256,0.7561,0.5,0.3617
75,p3,0.3256,0.7308,0.4817,0.3617
100,p3,0.3372,0.6869,0.4878,0.3617
125,p3,0.2674,0.6981,0.5,0.3617
150,p3,0.2442,0.6925,0.4695,0.3617
175,p3,0.2209,0.6907,0.4817,0.3617
200,p3,0.2558,0.685,0.4756,0.3617
225,p3,0.2326,0.6701,0.4878,0.3617
250,p3,0.2674,0.671,0.4634,0.3617
275,p3,0.2558,0.6589,0.5,0.3617
289,p3,0.2558,0.6598,0.5,0.3617
299,p3,0.2558,0.671,0.4817,0.3617
