epoch,key,mask_pos_membership,topk_membership,n_pos,n_topk,n_in_gts
0,00000045#1,1,1,10,10,242
0,00000045#2,1,1,10,10,88
0,00000045#3,1,1,10,10,105
0,00000045#6,1,1,10,10,286
0,00000045#7,1,1,10,10,279
0,00000057#1,1,1,10,10,225
0,00000057#2,1,1,10,10,88
0,00000057#3,1,1,10,10,111
0,00000057#5,1,1,10,10,133
0,00000063#1,1,1,10,10,279
0,00000063#2,1,1,10,10,90
0,00000063#3,1,1,10,10,107
0,00000063#5,1,1,10,10,208
0,00000095#1,1,1,10,10,279
0,00000095#2,1,1,10,10,114
0,00000095#3,1,1,10,10,105
0,00000106#1,1,1,10,10,245
0,00000106#2,1,1,10,10,135
0,00000106#3,1,1,10,10,122
0,00000106#5,1,1,10,10,157
0,00000123#1,1,1,10,10,196
0,00000123#2,1,1,10,10,87
0,00000123#3,1,1,10,10,190
0,00000123#5,1,1,4,10,108
0,00000171#0,1,1,10,10,120
0,00000180#0,1,1,10,10,136
