epoch,key,class_id,role,p3_cell_x,p3_cell_y,logit,sigmoid,p3_norm,h_norm,ciou_pos_median,ciou_pos_max,ciou_pool_max,raw_align_pos_max,raw_align_pool_max,cls_pos_max,cls_pool_max,cls_center_max,n_pos,n_topk,mask_pos_membership,topk_membership,n_in_gts,pos_mean_ciou,raw_align_pos_mean
0,00000045#1,8,CONTROL,81,75,-9.655760409266609,6.405141339990825e-05,0.1912672072649002,0.1790207177400589,0.283353328704834,0.28471630811691284,0.28471630811691284,4.263238224666566e-06,4.263238224666566e-06,6.405181920854375e-05,0.001026127953082323,0.0002509160549379885,10,10,1,1,242,0.28334981203079224,4.142451416555559e-06
0,00000045#2,8,CONTROL,121,79,-9.655760410461465,6.405141332338095e-05,0.19127123057842255,0.179020494222641,0.25359800457954407,0.2611953318119049,0.2611953318119049,2.541312142056995e-06,2.541312142056995e-06,6.405181920854375e-05,0.001026127953082323,0.0002509160549379885,10,10,1,1,88,0.25366929173469543,2.144932750525186e-06
0,00000045#3,6,CONTROL,80,96,-9.671922420881675,6.302459899989068e-05,0.19127313792705536,0.17902043461799622,0.3397195041179657,0.3430381715297699,0.3430381715297699,1.2936269740748685e-05,1.2936269740748685e-05,6.302440306171775e-05,0.0010208708699792624,0.0002534546365495771,10,10,1,1,105,0.3380558490753174,1.1870984963024966e-05
0,00000045#6,10,CONTROL,78,48,-9.66038423184474,6.375595351403291e-05,0.1912762075662613,0.179020494222641,0.5405952334403992,0.5428744554519653,0.5428744554519653,0.0002043889689957723,0.0002043889689957723,6.375619705067948e-05,0.0010231341002508998,0.00025594542967155576,10,10,1,1,286,0.5406280159950256,0.00019938821787945926
0,00000045#7,10,CONTROL,126,85,-9.660384250140083,6.37559523476702e-05,0.19127359986305237,0.17902040481567383,0.34193429350852966,0.3434489965438843,0.3434489965438843,1.3104924619256053e-05,1.3104924619256053e-05,6.375613884301856e-05,0.0010231341002508998,0.0010223292047157884,10,10,1,1,279,0.3419939875602722,1.2776828953064978e-05
0,00000057#1,8,CONTROL,82,75,-9.655760406353062,6.405141358651307e-05,0.19127479195594788,0.17902077734470367,0.30554842948913574,0.3070635497570038,0.3070635497570038,6.708650289510842e-06,6.708650289510842e-06,6.405181920854375e-05,0.001026127953082323,0.0010260834824293852,10,10,1,1,225,0.30560243129730225,6.5203157646465115e-06
0,00000057#2,8,CONTROL,121,80,-9.65576040663509,6.40514135684499e-05,0.19127096235752106,0.1790204644203186,0.28719767928123474,0.29121264815330505,0.29121264815330505,4.88120394948055e-06,4.88120394948055e-06,6.405181920854375e-05,0.001026127953082323,0.0002509160549379885,10,10,1,1,88,0.28596988320350647,4.403771072247764e-06
0,00000057#3,6,CONTROL,81,96,-9.671922445521114,6.302459744709781e-05,0.1912742406129837,0.1790204793214798,0.37387362122535706,0.37771284580230713,0.37771284580230713,2.305286398041062e-05,2.305286398041062e-05,6.302440306171775e-05,0.0010208708699792624,0.0002534546365495771,10,10,1,1,111,0.372725248336792,2.1319257939467207e-05
0,00000057#5,10,CONTROL,84,85,-9.66038422621944,6.375595387265637e-05,0.19126711785793304,0.17902053892612457,0.34406882524490356,0.3468325436115265,0.3468325436115265,1.389888802805217e-05,1.389888802805217e-05,6.375613884301856e-05,0.0010231341002508998,0.00025594542967155576,10,10,1,1,133,0.3439587950706482,1.322727621300146e-05
0,00000063#1,8,CONTROL,81,75,-9.655760413586888,6.405141312320599e-05,0.1912674456834793,0.1790207177400589,0.32673972845077515,0.3280063271522522,0.3280063271522522,9.966872312361374e-06,9.966872312361374e-06,6.405181920854375e-05,0.001026127953082323,0.0002509160549379885,10,10,1,1,279,0.3265319764614105,9.70230576058384e-06
0,00000063#2,8,CONTROL,121,80,-9.655760407460868,6.405141351556112e-05,0.19127200543880463,0.1790204644203186,0.2848374545574188,0.2876538336277008,0.2876538336277008,4.534052550297929e-06,4.534052550297929e-06,6.405181920854375e-05,0.001026127953082323,0.0002509160549379885,10,10,1,1,90,0.2848847508430481,4.281012479623314e-06
0,00000063#3,6,CONTROL,80,96,-9.671922421179893,6.302459898109678e-05,0.1912742704153061,0.17902043461799622,0.3663371503353119,0.3779807984828949,0.3779807984828949,2.315116216777824e-05,2.315116216777824e-05,6.302440306171775e-05,0.0010208708699792624,0.0002534546365495771,10,10,1,1,107,0.3680526614189148,1.9825338313239627e-05
0,00000063#5,10,CONTROL,82,48,-9.66038424702203,6.375595254645198e-05,0.19127455353736877,0.17902061343193054,0.6070355176925659,0.6210005283355713,0.6210005283355713,0.00045794446486979723,0.00045794446486979723,6.375619705067948e-05,0.0010231341002508998,0.0010223292047157884,10,10,1,1,208,0.609401285648346,0.0004101016093045473
0,00000095#1,8,CONTROL,81,75,-9.655760410322056,6.405141333230969e-05,0.19126717746257782,0.17902064323425293,0.33351337909698486,0.3347988426685333,0.3347988426685333,1.1271176845184527e-05,1.1271176845184527e-05,6.405181920854375e-05,0.001026127953082323,0.0002509160549379885,10,10,1,1,279,0.3334348797798157,1.0999824553437065e-05
0,00000095#2,8,CONTROL,121,80,-9.655760400763464,6.405141394451182e-05,0.19127070903778076,0.17902043461799622,0.26083841919898987,0.26265278458595276,0.26265278458595276,2.6275899926986312e-06,2.6275899926986312e-06,6.405181920854375e-05,0.001026127953082323,0.0002509160549379885,10,10,1,1,114,0.26018065214157104,2.484407104930142e-06
0,00000095#3,6,CONTROL,81,96,-9.671922431821297,6.302459831046882e-05,0.19127246737480164,0.17902040481567383,0.33846238255500793,0.3429253101348877,0.3429253101348877,1.2910754776385147e-05,1.2910754776385147e-05,6.302440306171775e-05,0.0010208708699792624,0.0002534546365495771,10,10,1,1,105,0.3379318118095398,1.1847887435578741e-05
0,00000106#1,8,CONTROL,81,75,-9.65576042857861,6.405141216302654e-05,0.19127270579338074,0.17902067303657532,0.284274160861969,0.28577178716659546,0.28577178716659546,4.358947990112938e-06,4.358947990112938e-06,6.405181920854375e-05,0.001026127953082323,0.0002509160549379885,10,10,1,1,245,0.2842870056629181,4.225451903039357e-06
0,00000106#2,8,CONTROL,119,80,-9.655760406695336,6.405141356459137e-05,0.19127117097377777,0.1790204495191574,0.32577264308929443,0.32825934886932373,0.32825934886932373,1.0013094652094878e-05,1.0013094652094878e-05,6.405181920854375e-05,0.001026127953082323,0.0002509160549379885,10,10,1,1,135,0.32573485374450684,9.56304393184837e-06
0,00000106#3,6,CONTROL,78,96,-9.671922414240385,6.302459941842895e-05,0.19127081334590912,0.17902040481567383,0.39913633465766907,0.40355780720710754,0.40355780720710754,3.4291690099053085e-05,3.4291690099053085e-05,6.302440306171775e-05,0.0010208708699792624,0.0002534546365495771,10,10,1,1,122,0.39886730909347534,3.203344385838136e-05
0,00000106#5,0,CONTROL,74,96,-9.660690892316255,6.373640632673231e-05,0.19127042591571808,0.17902030050754547,0.4021042287349701,0.4043685793876648,0.4043685793876648,3.490269591566175e-05,3.490269591566175e-05,6.373662472469732e-05,0.0010069760028272867,0.00025328336050733924,10,10,1,1,157,0.4018474221229553,3.362730785738677e-05
0,00000123#1,8,CONTROL,81,74,-9.655760411482214,6.405141325800468e-05,0.1912732869386673,0.17902064323425293,0.2917855978012085,0.2935084104537964,0.2935084104537964,5.116687134432141e-06,5.116687134432141e-06,6.405181920854375e-05,0.001026127953082323,0.0010260834824293852,10,10,1,1,196,0.2917899489402771,4.940465260006022e-06
0,00000123#2,8,CONTROL,121,78,-9.655760403469476,6.405141377119905e-05,0.19127194583415985,0.1790204644203186,0.27809929847717285,0.28137001395225525,0.28137001395225525,3.97129770135507e-06,3.97129770135507e-06,6.405181920854375e-05,0.001026127953082323,0.0010260834824293852,10,10,1,1,87,0.2766575515270233,3.59866430699185e-06
0,00000123#3,0,CONTROL,78,95,-9.660690880682608,6.373640706817191e-05,0.1912703663110733,0.17902033030986786,0.4507145285606384,0.453205943107605,0.453205943107605,6.917798600625247e-05,6.917798600625247e-05,6.373662472469732e-05,0.0010069760028272867,0.00025328336050733924,10,10,1,1,190,0.45073023438453674,6.695216870866716e-05
0,00000123#5,6,CONTROL,78,94,-9.671922407631488,6.302459983492576e-05,0.19127176702022552,0.17902034521102905,0.3676246404647827,0.37487393617630005,0.377676784992218,2.2032594642951153e-05,2.3039650841383263e-05,6.302434485405684e-05,0.0010208708699792624,0.0010198447853326797,4,10,1,1,108,0.3709915578365326,2.0728268282255158e-05
0,00000171#0,0,CONTROL,79,98,-9.660690890272157,6.373640645700748e-05,0.191271111369133,0.17902030050754547,0.3509988784790039,0.3649255931377411,0.3649255931377411,1.885472738649696e-05,1.885472738649696e-05,6.373662472469732e-05,0.0010069760028272867,0.00025328336050733924,10,10,1,1,120,0.3538680672645569,1.5786525182193145e-05
0,00000180#0,0,CONTROL,80,98,-9.660690863995498,6.373640813168059e-05,0.19127137959003448,0.17902038991451263,0.3695114850997925,0.37303128838539124,0.37303128838539124,2.1511263184947893e-05,2.1511263184947893e-05,6.373656651703641e-05,0.0010069760028272867,0.0010065918322652578,10,10,1,1,136,0.36881548166275024,2.0122093701502308e-05
