image_id,image_stem,gt_id,gt_class,gt_class_name,native_area,failure_group,in_collapse,in_wrong_class,best_any_iou,best_any_conf,best_any_pred_class,best_same_iou,best_same_conf,best_any_ge_050,best_any_ge_075,best_any_ge_090,best_same_ge_050,best_same_ge_075,best_same_ge_090,best_any_is_correct_class,attribution,strong_classification_failure,possible_ranking_limited,top100_limited,mixed,n_predictions_image,n_same_class_predictions,n_wrong_class_predictions,head_best_assign_iou,head_pos_prob,head_n_pos,certified_prefinal_loss
13,000002_083_00000169,0,4,sign,1947.0,collapse,1,0,0.0,0.929707,11,0.0,,0,0,0,0,0,0,0,LOCALIZATION_LIMITED,0,0,NOT_OBSERVABLE_FROM_FROZEN_OUTPUT,0,3,0,3,0.665278,2e-06,10,1
13,000002_083_00000169,1,5,bicycle,2700.0,collapse+wrong_class,1,1,0.032131,0.849595,11,0.0,,0,0,0,0,0,0,0,LOCALIZATION_LIMITED,0,0,NOT_OBSERVABLE_FROM_FROZEN_OUTPUT,0,3,0,3,0.658467,2.7e-07,10,1
42,000006_011_00000409,10,2,animal,6060.0,collapse,1,0,0.0,0.959945,1,0.0,0.958186,0,0,0,0,0,0,0,LOCALIZATION_LIMITED,0,0,NOT_OBSERVABLE_FROM_FROZEN_OUTPUT,0,7,4,3,0.872054,9.38e-06,10,1
43,000006_012_00000001,6,0,person,6258.0,collapse,1,0,0.0,0.938857,0,0.0,0.938857,0,0,0,0,0,0,1,LOCALIZATION_LIMITED,0,0,NOT_OBSERVABLE_FROM_FROZEN_OUTPUT,0,15,12,3,0.407762,3.1e-07,10,0
57,000012_008_00000163,13,2,animal,1554.0,collapse,1,0,0.0,0.940545,2,0.0,0.940545,0,0,0,0,0,0,1,LOCALIZATION_LIMITED,0,0,NOT_OBSERVABLE_FROM_FROZEN_OUTPUT,0,27,27,0,0.533444,3.24e-06,10,1
57,000012_008_00000163,14,2,animal,1125.0,collapse,1,0,0.0,0.940545,2,0.0,0.940545,0,0,0,0,0,0,1,LOCALIZATION_LIMITED,0,0,NOT_OBSERVABLE_FROM_FROZEN_OUTPUT,0,27,27,0,0.531822,1.94e-06,10,1
61,000012_019_00000151,4,0,person,2397.0,collapse,1,0,0.0,0.955393,2,0.0,0.616388,0,0,0,0,0,0,0,LOCALIZATION_LIMITED,0,0,NOT_OBSERVABLE_FROM_FROZEN_OUTPUT,0,5,1,4,0.710937,8e-08,10,1
61,000012_019_00000151,5,0,person,1763.0,collapse,1,0,0.0,0.955393,2,0.0,0.616388,0,0,0,0,0,0,0,LOCALIZATION_LIMITED,0,0,NOT_OBSERVABLE_FROM_FROZEN_OUTPUT,0,5,1,4,0.831793,0.0,10,1
62,000012_022_00000090,0,2,animal,7400.0,collapse,1,0,0.0,,,0.0,,0,0,0,0,0,0,0,LOCALIZATION_LIMITED,0,0,NOT_OBSERVABLE_FROM_FROZEN_OUTPUT,0,0,0,0,0.65715,1.3e-07,10,1
62,000012_022_00000090,1,2,animal,2280.0,collapse,1,0,0.0,,,0.0,,0,0,0,0,0,0,0,LOCALIZATION_LIMITED,0,0,NOT_OBSERVABLE_FROM_FROZEN_OUTPUT,0,0,0,0,0.698702,1.4e-07,10,1
63,000012_025_00000313,3,2,animal,1368.0,collapse,1,0,0.0,0.00255,2,0.0,0.00255,0,0,0,0,0,0,1,LOCALIZATION_LIMITED,0,0,NOT_OBSERVABLE_FROM_FROZEN_OUTPUT,0,2,1,1,0.704611,1.2e-06,10,1
63,000012_025_00000313,5,2,animal,1520.0,collapse,1,0,0.0,0.00255,2,0.0,0.00255,0,0,0,0,0,0,1,LOCALIZATION_LIMITED,0,0,NOT_OBSERVABLE_FROM_FROZEN_OUTPUT,0,2,1,1,0.495533,1.8e-07,10,0
63,000012_025_00000313,6,2,animal,1032.0,collapse,1,0,0.0,0.00255,2,0.0,0.00255,0,0,0,0,0,0,1,LOCALIZATION_LIMITED,0,0,NOT_OBSERVABLE_FROM_FROZEN_OUTPUT,0,2,1,1,0.731697,1.06e-06,8,1
71,000013_039_00000063,5,3,seat,1320.0,collapse,1,0,0.0,0.938333,0,0.0,,0,0,0,0,0,0,0,LOCALIZATION_LIMITED,0,0,NOT_OBSERVABLE_FROM_FROZEN_OUTPUT,0,6,0,6,0.314198,3.2e-07,7,0
73,000013_040_suppl_00000333,1,6,car,6678.0,collapse+wrong_class,1,1,0.733291,0.001419,0,0.0,,1,0,0,0,0,0,0,CLASSIFICATION_LIMITED,0,0,NOT_OBSERVABLE_FROM_FROZEN_OUTPUT,0,6,0,6,0.771492,2.83e-06,10,0
78,000013_056_00000281,9,2,animal,4860.0,collapse,1,0,0.0,0.960677,2,0.0,0.960677,0,0,0,0,0,0,1,LOCALIZATION_LIMITED,0,0,NOT_OBSERVABLE_FROM_FROZEN_OUTPUT,0,11,11,0,0.717781,9.78e-06,10,1
91,000016_044_00000085,1,0,person,6438.0,collapse+wrong_class,1,1,0.037423,0.942698,6,0.0,0.917093,0,0,0,0,0,0,0,LOCALIZATION_LIMITED,0,0,NOT_OBSERVABLE_FROM_FROZEN_OUTPUT,0,17,5,12,0.804805,1.65e-06,10,1
93,000017_011_00000297,13,9,garbage_can,4550.0,wrong_class,0,1,0.266995,0.009943,6,0.0,0.938518,0,0,0,0,0,0,0,LOCALIZATION_LIMITED,0,0,NOT_OBSERVABLE_FROM_FROZEN_OUTPUT,0,14,1,13,0.809165,3.424e-05,10,1
103,000019_041_00000141,2,7,ball,2964.0,wrong_class,0,1,0.041826,0.962648,2,0.0,,0,0,0,0,0,0,0,LOCALIZATION_LIMITED,0,0,NOT_OBSERVABLE_FROM_FROZEN_OUTPUT,0,20,0,20,0.903578,9.53e-05,10,1
104,000019_045_00000145,4,0,person,5454.0,collapse+wrong_class,1,1,0.092137,0.564936,2,0.0,0.00227,0,0,0,0,0,0,0,LOCALIZATION_LIMITED,0,0,NOT_OBSERVABLE_FROM_FROZEN_OUTPUT,0,4,1,3,0.836799,5e-08,10,1
104,000019_045_00000145,5,0,person,4720.0,collapse,1,0,0.0,0.959038,2,0.0,0.00227,0,0,0,0,0,0,0,LOCALIZATION_LIMITED,0,0,NOT_OBSERVABLE_FROM_FROZEN_OUTPUT,0,4,1,3,0.753705,8.7e-07,10,1
105,000020_010_00000089,7,5,bicycle,1147.0,collapse+wrong_class,1,1,0.354584,0.865612,0,0.0,0.941529,0,0,0,0,0,0,0,LOCALIZATION_LIMITED,0,0,NOT_OBSERVABLE_FROM_FROZEN_OUTPUT,0,8,2,6,0.439591,4.53e-06,7,0
108,000020_018_00000093,3,8,light,4290.0,collapse,1,0,0.0,0.947365,4,0.0,0.665709,0,0,0,0,0,0,0,LOCALIZATION_LIMITED,0,0,NOT_OBSERVABLE_FROM_FROZEN_OUTPUT,0,5,1,4,0.56434,1.9e-07,10,1
118,000173,1,4,sign,3078.0,collapse,1,0,0.0,0.961162,4,0.0,0.961162,0,0,0,0,0,0,1,LOCALIZATION_LIMITED,0,0,NOT_OBSERVABLE_FROM_FROZEN_OUTPUT,0,3,1,2,0.940084,7e-07,10,1
126,000415,16,0,person,1140.0,collapse,1,0,0.0,0.955642,2,0.0,0.883129,0,0,0,0,0,0,0,LOCALIZATION_LIMITED,0,0,NOT_OBSERVABLE_FROM_FROZEN_OUTPUT,0,34,31,3,0.382889,5e-06,8,0
126,000415,17,0,person,1679.0,collapse,1,0,0.0,0.955642,2,0.0,0.883129,0,0,0,0,0,0,0,LOCALIZATION_LIMITED,0,0,NOT_OBSERVABLE_FROM_FROZEN_OUTPUT,0,34,31,3,0.511306,4.58e-06,9,1
127,000433,7,2,animal,6726.0,collapse,1,0,0.0,0.97263,2,0.0,0.97263,0,0,0,0,0,0,1,LOCALIZATION_LIMITED,0,0,NOT_OBSERVABLE_FROM_FROZEN_OUTPUT,0,7,7,0,0.686037,2.6e-07,10,1
128,000437,2,2,animal,2832.0,collapse,1,0,0.0,0.97207,2,0.0,0.97207,0,0,0,0,0,0,1,LOCALIZATION_LIMITED,0,0,NOT_OBSERVABLE_FROM_FROZEN_OUTPUT,0,9,9,0,0.652857,2.14e-06,10,1
140,000630,0,2,animal,1580.0,collapse,1,0,0.0,0.966183,2,0.0,0.966183,0,0,0,0,0,0,1,LOCALIZATION_LIMITED,0,0,NOT_OBSERVABLE_FROM_FROZEN_OUTPUT,0,1,1,0,0.342442,2.9e-07,10,0
144,000738,3,0,person,4089.0,collapse,1,0,0.0,0.957237,3,0.0,,0,0,0,0,0,0,0,LOCALIZATION_LIMITED,0,0,NOT_OBSERVABLE_FROM_FROZEN_OUTPUT,0,5,0,5,0.546712,2.66e-06,10,1
154,000889,13,0,person,2560.0,wrong_class,0,1,0.002369,0.943103,9,0.0,0.944626,0,0,0,0,0,0,0,LOCALIZATION_LIMITED,0,0,NOT_OBSERVABLE_FROM_FROZEN_OUTPUT,0,15,12,3,0.948015,6.498e-05,10,1
154,000889,14,3,seat,6600.0,wrong_class,0,1,0.520676,0.858727,0,0.0,,1,0,0,0,0,0,0,CLASSIFICATION_LIMITED,0,0,NOT_OBSERVABLE_FROM_FROZEN_OUTPUT,0,15,0,15,0.600893,1.416e-05,10,0
154,000889,7,4,sign,1656.0,collapse+wrong_class,1,1,0.483534,0.002212,0,0.0,,0,0,0,0,0,0,0,LOCALIZATION_LIMITED,0,0,NOT_OBSERVABLE_FROM_FROZEN_OUTPUT,0,15,0,15,0.465676,7e-08,10,0
154,000889,8,4,sign,1530.0,collapse+wrong_class,1,1,0.54193,0.888235,0,0.0,,1,0,0,0,0,0,0,CLASSIFICATION_LIMITED,0,0,NOT_OBSERVABLE_FROM_FROZEN_OUTPUT,0,15,0,15,0.507907,3.55e-06,10,0
154,000889,9,4,sign,2552.0,collapse+wrong_class,1,1,0.073921,0.858727,0,0.0,,0,0,0,0,0,0,0,LOCALIZATION_LIMITED,0,0,NOT_OBSERVABLE_FROM_FROZEN_OUTPUT,0,15,0,15,0.717805,0.0,10,1
156,000943,4,0,person,1219.0,collapse,1,0,0.0,0.939979,1,0.0,0.028235,0,0,0,0,0,0,0,LOCALIZATION_LIMITED,0,0,NOT_OBSERVABLE_FROM_FROZEN_OUTPUT,0,16,4,12,0.722054,2.8e-07,6,1
158,001033,2,4,sign,3588.0,wrong_class,0,1,0.012214,0.964762,6,0.0,0.921296,0,0,0,0,0,0,0,LOCALIZATION_LIMITED,0,0,NOT_OBSERVABLE_FROM_FROZEN_OUTPUT,0,17,3,14,0.82621,1.121e-05,10,1
158,001033,9,5,bicycle,3000.0,wrong_class,0,1,0.486912,0.825429,0,0.0,,0,0,0,0,0,0,0,LOCALIZATION_LIMITED,0,0,NOT_OBSERVABLE_FROM_FROZEN_OUTPUT,0,17,0,17,0.740317,3.416e-05,10,1
159,001035,7,4,sign,4454.0,wrong_class,0,1,0.011313,0.970668,6,0.0,0.906808,0,0,0,0,0,0,0,LOCALIZATION_LIMITED,0,0,NOT_OBSERVABLE_FROM_FROZEN_OUTPUT,0,20,1,19,0.831276,7.171e-05,10,1
159,001035,9,4,sign,2409.0,wrong_class,0,1,0.006909,0.970668,6,0.0,0.906808,0,0,0,0,0,0,0,LOCALIZATION_LIMITED,0,0,NOT_OBSERVABLE_FROM_FROZEN_OUTPUT,0,20,1,19,0.878362,0.00116595,10,1
160,001114,10,4,sign,2256.0,collapse,1,0,0.0,0.96818,5,0.0,0.92612,0,0,0,0,0,0,0,LOCALIZATION_LIMITED,0,0,NOT_OBSERVABLE_FROM_FROZEN_OUTPUT,0,11,5,6,0.543459,2.1e-07,10,1
188,001737,9,7,ball,1776.0,collapse+wrong_class,1,1,0.245328,0.010452,6,0.0,0.881123,0,0,0,0,0,0,0,LOCALIZATION_LIMITED,0,0,NOT_OBSERVABLE_FROM_FROZEN_OUTPUT,0,15,1,14,0.42818,1.54e-06,10,0
211,002331,18,6,car,2415.0,wrong_class,0,1,0.254619,0.939571,2,0.0,0.001333,0,0,0,0,0,0,0,LOCALIZATION_LIMITED,0,0,NOT_OBSERVABLE_FROM_FROZEN_OUTPUT,0,19,1,18,0.745381,3.134e-05,10,1
214,002357,3,2,animal,4864.0,collapse,1,0,0.0,0.921,2,0.0,0.921,0,0,0,0,0,0,1,LOCALIZATION_LIMITED,0,0,NOT_OBSERVABLE_FROM_FROZEN_OUTPUT,0,4,4,0,0.707552,1.73e-06,10,1
219,002517,1,4,sign,5720.0,collapse+wrong_class,1,1,0.467566,0.023322,8,0.0,0.955149,0,0,0,0,0,0,0,LOCALIZATION_LIMITED,0,0,NOT_OBSERVABLE_FROM_FROZEN_OUTPUT,0,9,1,8,0.705557,1e-07,10,1
219,002517,2,4,sign,1950.0,collapse+wrong_class,1,1,0.152633,0.004599,8,0.0,0.955149,0,0,0,0,0,0,0,LOCALIZATION_LIMITED,0,0,NOT_OBSERVABLE_FROM_FROZEN_OUTPUT,0,9,1,8,0.62857,0.0,10,1
219,002517,4,4,sign,2444.0,collapse+wrong_class,1,1,0.574219,0.006051,8,0.0,0.955149,1,0,0,0,0,0,0,CLASSIFICATION_LIMITED,0,0,NOT_OBSERVABLE_FROM_FROZEN_OUTPUT,0,9,1,8,0.738385,5.93e-06,10,0
219,002517,5,4,sign,9204.0,collapse+wrong_class,1,1,0.918655,0.005944,8,0.0,0.955149,1,1,1,0,0,0,0,CLASSIFICATION_LIMITED,1,0,NOT_OBSERVABLE_FROM_FROZEN_OUTPUT,0,9,1,8,0.92413,4.8e-07,10,0
221,002584,4,8,light,1248.0,collapse,1,0,0.0,0.894893,0,0.0,0.005649,0,0,0,0,0,0,0,LOCALIZATION_LIMITED,0,0,NOT_OBSERVABLE_FROM_FROZEN_OUTPUT,0,9,1,8,0.760889,1.2e-07,9,1
221,002584,6,8,light,1431.0,collapse,1,0,0.0,0.894893,0,0.0,0.005649,0,0,0,0,0,0,0,LOCALIZATION_LIMITED,0,0,NOT_OBSERVABLE_FROM_FROZEN_OUTPUT,0,9,1,8,0.574593,1.41e-06,10,1
224,002627,11,5,bicycle,8352.0,collapse+wrong_class,1,1,0.306889,0.940392,0,0.0,,0,0,0,0,0,0,0,LOCALIZATION_LIMITED,0,0,NOT_OBSERVABLE_FROM_FROZEN_OUTPUT,0,55,0,55,0.590154,2e-07,10,1
230,002839,4,0,person,3348.0,collapse,1,0,0.0,0.9565,0,0.0,0.9565,0,0,0,0,0,0,1,LOCALIZATION_LIMITED,0,0,NOT_OBSERVABLE_FROM_FROZEN_OUTPUT,0,8,5,3,0.653575,3e-08,10,1
231,002842,3,0,person,2911.0,collapse,1,0,0.0,0.973175,0,0.0,0.973175,0,0,0,0,0,0,1,LOCALIZATION_LIMITED,0,0,NOT_OBSERVABLE_FROM_FROZEN_OUTPUT,0,5,2,3,0.786745,1.7e-07,10,1
231,002842,4,0,person,2268.0,collapse,1,0,0.0,0.973175,0,0.0,0.973175,0,0,0,0,0,0,1,LOCALIZATION_LIMITED,0,0,NOT_OBSERVABLE_FROM_FROZEN_OUTPUT,0,5,2,3,0.607993,8e-08,10,1
234,002955,0,9,garbage_can,7558.3,wrong_class,0,1,0.029555,0.262215,0,0.0,,0,0,0,0,0,0,0,LOCALIZATION_LIMITED,0,0,NOT_OBSERVABLE_FROM_FROZEN_OUTPUT,0,40,0,40,0.867045,3.026e-05,10,1
234,002955,1,9,garbage_can,5230.6,collapse+wrong_class,1,1,0.048143,0.918101,0,0.0,,0,0,0,0,0,0,0,LOCALIZATION_LIMITED,0,0,NOT_OBSERVABLE_FROM_FROZEN_OUTPUT,0,40,0,40,0.870876,2.47e-06,10,1
234,002955,23,5,bicycle,2873.4,wrong_class,0,1,0.514578,0.50364,0,0.0,0.47911,1,0,0,0,0,0,0,CLASSIFICATION_LIMITED,0,0,NOT_OBSERVABLE_FROM_FROZEN_OUTPUT,0,40,14,26,0.633024,1.565e-05,10,0
235,002987,0,0,person,1836.0,collapse+wrong_class,1,1,0.565243,0.003492,5,0.0,0.928307,1,0,0,0,0,0,0,CLASSIFICATION_LIMITED,0,0,NOT_OBSERVABLE_FROM_FROZEN_OUTPUT,0,23,15,8,0.586945,3.23e-06,10,0
235,002987,1,0,person,1449.0,collapse,1,0,0.0,0.928307,0,0.0,0.928307,0,0,0,0,0,0,1,LOCALIZATION_LIMITED,0,0,NOT_OBSERVABLE_FROM_FROZEN_OUTPUT,0,23,15,8,0.489872,6.2e-07,9,0
235,002987,12,0,person,1122.0,wrong_class,0,1,0.195794,0.906601,5,0.0,0.928307,0,0,0,0,0,0,0,LOCALIZATION_LIMITED,0,0,NOT_OBSERVABLE_FROM_FROZEN_OUTPUT,0,23,15,8,0.740487,0.00118966,8,1
235,002987,14,5,bicycle,2337.0,collapse,1,0,0.0,0.928307,0,0.0,0.906601,0,0,0,0,0,0,0,LOCALIZATION_LIMITED,0,0,NOT_OBSERVABLE_FROM_FROZEN_OUTPUT,0,23,6,17,0.676954,6.42e-06,10,1
235,002987,15,5,bicycle,3864.0,wrong_class,0,1,0.365495,0.824396,0,0.0,0.906601,0,0,0,0,0,0,0,LOCALIZATION_LIMITED,0,0,NOT_OBSERVABLE_FROM_FROZEN_OUTPUT,0,23,6,17,0.826452,3.986e-05,10,1
235,002987,3,0,person,1612.0,collapse,1,0,0.0,0.928307,0,0.0,0.928307,0,0,0,0,0,0,1,LOCALIZATION_LIMITED,0,0,NOT_OBSERVABLE_FROM_FROZEN_OUTPUT,0,23,15,8,0.872445,3.85e-06,10,1
236,003007,6,0,person,1215.0,collapse,1,0,0.0,0.960893,0,0.0,0.960893,0,0,0,0,0,0,1,LOCALIZATION_LIMITED,0,0,NOT_OBSERVABLE_FROM_FROZEN_OUTPUT,0,21,17,4,0.77765,1.14e-06,9,1
237,003013,6,4,sign,1716.0,wrong_class,0,1,0.853637,0.019531,9,0.0,0.233879,1,1,0,0,0,0,0,CLASSIFICATION_LIMITED,1,0,NOT_OBSERVABLE_FROM_FROZEN_OUTPUT,0,9,1,8,0.899225,1.486e-05,10,0
239,003026,4,6,car,1860.0,collapse+wrong_class,1,1,0.247661,0.002064,0,0.0,,0,0,0,0,0,0,0,LOCALIZATION_LIMITED,0,0,NOT_OBSERVABLE_FROM_FROZEN_OUTPUT,0,7,0,7,0.427753,1.9e-06,10,0
240,003056,1,0,person,2048.0,collapse,1,0,0.0,0.906322,0,0.0,0.906322,0,0,0,0,0,0,1,LOCALIZATION_LIMITED,0,0,NOT_OBSERVABLE_FROM_FROZEN_OUTPUT,0,24,12,12,0.81524,3.15e-06,10,1
240,003056,11,3,seat,5985.0,collapse+wrong_class,1,1,0.060215,0.746377,0,0.0,0.136926,0,0,0,0,0,0,0,LOCALIZATION_LIMITED,0,0,NOT_OBSERVABLE_FROM_FROZEN_OUTPUT,0,24,2,22,0.364381,4.9e-07,10,0
240,003056,3,0,person,1862.0,collapse,1,0,0.0,0.906322,0,0.0,0.906322,0,0,0,0,0,0,1,LOCALIZATION_LIMITED,0,0,NOT_OBSERVABLE_FROM_FROZEN_OUTPUT,0,24,12,12,0.575384,6.49e-06,10,1
240,003056,8,5,bicycle,1392.0,collapse,1,0,0.0,0.906322,0,0.0,0.685758,0,0,0,0,0,0,0,LOCALIZATION_LIMITED,0,0,NOT_OBSERVABLE_FROM_FROZEN_OUTPUT,0,24,9,15,0.66469,1.59e-06,8,1
243,003148,0,2,animal,6120.0,collapse,1,0,0.0,0.933301,2,0.0,0.933301,0,0,0,0,0,0,1,LOCALIZATION_LIMITED,0,0,NOT_OBSERVABLE_FROM_FROZEN_OUTPUT,0,10,8,2,0.819686,6.5e-06,10,1
243,003148,7,0,person,1219.0,collapse,1,0,0.0,0.933301,2,0.0,0.054417,0,0,0,0,0,0,0,LOCALIZATION_LIMITED,0,0,NOT_OBSERVABLE_FROM_FROZEN_OUTPUT,0,10,1,9,0.739586,2.7e-07,7,1
243,003148,8,0,person,1121.0,collapse,1,0,0.0,0.933301,2,0.0,0.054417,0,0,0,0,0,0,0,LOCALIZATION_LIMITED,0,0,NOT_OBSERVABLE_FROM_FROZEN_OUTPUT,0,10,1,9,0.611869,9.5e-07,7,1
252,003288,11,0,person,1170.0,collapse+wrong_class,1,1,0.019196,0.955456,1,0.0,0.899956,0,0,0,0,0,0,0,LOCALIZATION_LIMITED,0,0,NOT_OBSERVABLE_FROM_FROZEN_OUTPUT,0,45,19,26,0.715897,6.74e-06,10,1
252,003288,14,3,seat,1363.0,collapse+wrong_class,1,1,0.044164,0.001071,0,0.0,0.003367,0,0,0,0,0,0,0,LOCALIZATION_LIMITED,0,0,NOT_OBSERVABLE_FROM_FROZEN_OUTPUT,0,45,2,43,0.434635,6.32e-06,10,0
252,003288,16,2,animal,2184.0,collapse,1,0,0.0,0.955456,1,0.0,0.954217,0,0,0,0,0,0,0,LOCALIZATION_LIMITED,0,0,NOT_OBSERVABLE_FROM_FROZEN_OUTPUT,0,45,16,29,0.723341,9e-08,10,1
254,003317,7,4,sign,3360.0,collapse,1,0,0.0,0.968528,0,0.0,0.940034,0,0,0,0,0,0,0,LOCALIZATION_LIMITED,0,0,NOT_OBSERVABLE_FROM_FROZEN_OUTPUT,0,23,4,19,0.614033,1.2e-07,10,1
259,003419,13,8,light,2119.8,collapse+wrong_class,1,1,0.095658,0.001091,6,0.0,0.764367,0,0,0,0,0,0,0,LOCALIZATION_LIMITED,0,0,NOT_OBSERVABLE_FROM_FROZEN_OUTPUT,0,32,5,27,0.662419,6.01e-06,10,1
259,003419,14,8,light,3558.0,collapse+wrong_class,1,1,0.052177,0.631287,4,0.0,0.764367,0,0,0,0,0,0,0,LOCALIZATION_LIMITED,0,0,NOT_OBSERVABLE_FROM_FROZEN_OUTPUT,0,32,5,27,0.560868,1.16e-06,10,1
259,003419,17,8,light,3500.8,collapse+wrong_class,1,1,0.015977,0.001091,6,0.0,0.764367,0,0,0,0,0,0,0,LOCALIZATION_LIMITED,0,0,NOT_OBSERVABLE_FROM_FROZEN_OUTPUT,0,32,5,27,0.453193,6.21e-06,10,0
259,003419,19,8,light,2269.5,wrong_class,0,1,0.124177,0.002254,5,0.0,0.764367,0,0,0,0,0,0,0,LOCALIZATION_LIMITED,0,0,NOT_OBSERVABLE_FROM_FROZEN_OUTPUT,0,32,5,27,0.742705,0.00012219,10,1
267,003526,3,0,person,1439.7,collapse,1,0,0.0,0.967008,2,0.0,,0,0,0,0,0,0,0,LOCALIZATION_LIMITED,0,0,NOT_OBSERVABLE_FROM_FROZEN_OUTPUT,0,8,0,8,0.414047,2.2e-07,10,0
275,003653,3,2,animal,1911.0,collapse+wrong_class,1,1,0.689802,0.003554,0,0.0,0.945064,1,0,0,0,0,0,0,CLASSIFICATION_LIMITED,0,0,NOT_OBSERVABLE_FROM_FROZEN_OUTPUT,0,25,3,22,0.803876,6.81e-06,10,0
279,003739,2,2,animal,1855.0,collapse,1,0,0.0,0.922925,2,0.0,0.922925,0,0,0,0,0,0,1,LOCALIZATION_LIMITED,0,0,NOT_OBSERVABLE_FROM_FROZEN_OUTPUT,0,14,7,7,0.89172,7.7e-07,10,1
291,003863,1,0,person,2745.0,collapse+wrong_class,1,1,0.011277,0.954325,2,0.0,0.887545,0,0,0,0,0,0,0,LOCALIZATION_LIMITED,0,0,NOT_OBSERVABLE_FROM_FROZEN_OUTPUT,0,10,7,3,0.59537,5e-08,10,1
291,003863,3,0,person,1250.0,collapse+wrong_class,1,1,0.001556,0.954325,2,0.0,0.887545,0,0,0,0,0,0,0,LOCALIZATION_LIMITED,0,0,NOT_OBSERVABLE_FROM_FROZEN_OUTPUT,0,10,7,3,0.558004,3e-07,10,1
291,003863,5,2,animal,3720.0,collapse,1,0,0.0,0.954325,2,0.0,0.954325,0,0,0,0,0,0,1,LOCALIZATION_LIMITED,0,0,NOT_OBSERVABLE_FROM_FROZEN_OUTPUT,0,10,1,9,0.846583,3.1e-07,10,1
296,003902,5,0,person,2068.0,collapse,1,0,0.0,0.910373,2,0.0,0.387769,0,0,0,0,0,0,0,LOCALIZATION_LIMITED,0,0,NOT_OBSERVABLE_FROM_FROZEN_OUTPUT,0,9,2,7,0.56405,9.43e-06,10,1
298,003941,21,0,person,2650.0,collapse,1,0,0.0,0.958915,0,0.0,0.958915,0,0,0,0,0,0,1,LOCALIZATION_LIMITED,0,0,NOT_OBSERVABLE_FROM_FROZEN_OUTPUT,0,89,82,7,0.769016,2.74e-06,10,1
300,003987,55,5,bicycle,3825.0,collapse+wrong_class,1,1,0.113976,0.016558,0,0.0,,0,0,0,0,0,0,0,LOCALIZATION_LIMITED,0,0,NOT_OBSERVABLE_FROM_FROZEN_OUTPUT,0,100,0,100,0.557727,3.2e-07,10,1
305,hehe_186_000002_028_00000050,1,4,sign,8280.0,collapse,1,0,0.0,0.037922,9,0.0,,0,0,0,0,0,0,0,LOCALIZATION_LIMITED,0,0,NOT_OBSERVABLE_FROM_FROZEN_OUTPUT,0,1,0,1,0.838326,4e-06,10,1
306,hehe_22_00000004,9,5,bicycle,1196.0,wrong_class,0,1,0.230276,0.906297,0,0.0,,0,0,0,0,0,0,0,LOCALIZATION_LIMITED,0,0,NOT_OBSERVABLE_FROM_FROZEN_OUTPUT,0,20,0,20,0.744987,5.494e-05,10,1
307,hehe_230_000002_043_00000061,13,0,person,2170.0,wrong_class,0,1,0.323874,0.03086,5,0.0,0.858846,0,0,0,0,0,0,0,LOCALIZATION_LIMITED,0,0,NOT_OBSERVABLE_FROM_FROZEN_OUTPUT,0,19,2,17,0.713321,0.00192842,10,1
314,hehe_61_00000090,10,5,bicycle,5700.0,collapse,1,0,0.0,0.96408,4,0.0,0.926873,0,0,0,0,0,0,0,LOCALIZATION_LIMITED,0,0,NOT_OBSERVABLE_FROM_FROZEN_OUTPUT,0,23,4,19,0.830554,2.59e-06,10,1
314,hehe_61_00000090,11,5,bicycle,9200.0,collapse,1,0,0.0,0.96408,4,0.0,0.926873,0,0,0,0,0,0,0,LOCALIZATION_LIMITED,0,0,NOT_OBSERVABLE_FROM_FROZEN_OUTPUT,0,23,4,19,0.696734,8.12e-06,10,1
315,hehe_65_00000229,2,4,sign,6720.0,collapse,1,0,0.0,0.968445,6,0.0,0.928927,0,0,0,0,0,0,0,LOCALIZATION_LIMITED,0,0,NOT_OBSERVABLE_FROM_FROZEN_OUTPUT,0,8,2,6,0.923865,4.95e-06,10,1
316,hehe_6_00000054,0,7,ball,1480.0,collapse,1,0,0.0,0.958441,0,0.0,0.039016,0,0,0,0,0,0,0,LOCALIZATION_LIMITED,0,0,NOT_OBSERVABLE_FROM_FROZEN_OUTPUT,0,40,3,37,0.759694,6.3e-07,10,1
316,hehe_6_00000054,16,6,car,3770.0,collapse+wrong_class,1,1,0.150867,0.944162,0,0.0,0.817861,0,0,0,0,0,0,0,LOCALIZATION_LIMITED,0,0,NOT_OBSERVABLE_FROM_FROZEN_OUTPUT,0,40,9,31,0.72529,1.52e-06,10,1
316,hehe_6_00000054,17,6,car,4389.0,collapse+wrong_class,1,1,0.000699,0.943443,0,0.0,0.817861,0,0,0,0,0,0,0,LOCALIZATION_LIMITED,0,0,NOT_OBSERVABLE_FROM_FROZEN_OUTPUT,0,40,9,31,0.61246,9.29e-06,10,1
355,shuming_340_00000020,1,4,sign,2496.0,collapse+wrong_class,1,1,0.185245,0.009932,0,0.0,,0,0,0,0,0,0,0,LOCALIZATION_LIMITED,0,0,NOT_OBSERVABLE_FROM_FROZEN_OUTPUT,0,100,0,100,0.815057,4.9e-07,10,1
365,shuming_485_00000027,3,8,light,1628.0,collapse,1,0,0.0,0.973824,6,0.0,,0,0,0,0,0,0,0,LOCALIZATION_LIMITED,0,0,NOT_OBSERVABLE_FROM_FROZEN_OUTPUT,0,3,0,3,0.775968,6e-08,10,1
365,shuming_485_00000027,4,8,light,5915.0,collapse,1,0,0.0,0.973824,6,0.0,,0,0,0,0,0,0,0,LOCALIZATION_LIMITED,0,0,NOT_OBSERVABLE_FROM_FROZEN_OUTPUT,0,3,0,3,0.707756,1.77e-06,10,1
367,shuming_562_00000223,2,2,animal,8284.0,collapse,1,0,0.0,0.402448,2,0.0,0.402448,0,0,0,0,0,0,1,LOCALIZATION_LIMITED,0,0,NOT_OBSERVABLE_FROM_FROZEN_OUTPUT,0,6,4,2,0.855888,8.6e-07,10,1
373,shuming_63_00000393,4,8,light,2205.0,collapse,1,0,0.0,0.969717,0,0.0,0.001763,0,0,0,0,0,0,0,LOCALIZATION_LIMITED,0,0,NOT_OBSERVABLE_FROM_FROZEN_OUTPUT,0,6,1,5,0.603633,3.75e-06,10,1
373,shuming_63_00000393,6,8,light,2880.0,collapse,1,0,0.0,0.969717,0,0.0,0.001763,0,0,0,0,0,0,0,LOCALIZATION_LIMITED,0,0,NOT_OBSERVABLE_FROM_FROZEN_OUTPUT,0,6,1,5,0.454036,2.95e-06,10,0
373,shuming_63_00000393,7,8,light,2301.0,collapse,1,0,0.0,0.969717,0,0.0,0.001763,0,0,0,0,0,0,0,LOCALIZATION_LIMITED,0,0,NOT_OBSERVABLE_FROM_FROZEN_OUTPUT,0,6,1,5,0.772091,7.7e-07,10,1
373,shuming_63_00000393,8,8,light,2970.0,collapse,1,0,0.0,0.969717,0,0.0,0.001763,0,0,0,0,0,0,0,LOCALIZATION_LIMITED,0,0,NOT_OBSERVABLE_FROM_FROZEN_OUTPUT,0,6,1,5,0.707484,2.07e-06,10,1
373,shuming_63_00000393,9,8,light,2624.0,collapse,1,0,0.0,0.969717,0,0.0,0.001763,0,0,0,0,0,0,0,LOCALIZATION_LIMITED,0,0,NOT_OBSERVABLE_FROM_FROZEN_OUTPUT,0,6,1,5,0.938255,1.25e-06,10,1
388,shuming_783_00000248,2,3,seat,7622.0,collapse,1,0,0.0,0.94218,0,0.0,0.003628,0,0,0,0,0,0,0,LOCALIZATION_LIMITED,0,0,NOT_OBSERVABLE_FROM_FROZEN_OUTPUT,0,7,1,6,0.754507,7.2e-07,10,1
395,shuming_85_00000273,4,8,light,1560.0,collapse,1,0,0.0,0.964216,0,0.0,,0,0,0,0,0,0,0,LOCALIZATION_LIMITED,0,0,NOT_OBSERVABLE_FROM_FROZEN_OUTPUT,0,3,0,3,0.648559,2e-06,10,1
