method,class_id,gamma,mAP50-95,mAP50,mAP75,d_mAP50-95
raw,,,0.435131,0.679103,0.447956,0.0
cls_c0_g0.75,0,0.75,0.435154,0.67914,0.447983,2.3e-05
cls_c0_g1.25,0,1.25,0.435118,0.679084,0.447938,-1.3e-05
cls_c0_g1.5,0,1.5,0.43512,0.679088,0.44794,-1.2e-05
cls_c1_g0.75,1,0.75,0.435132,0.679104,0.447956,0.0
cls_c1_g1.25,1,1.25,0.435131,0.679103,0.447956,0.0
cls_c1_g1.5,1,1.5,0.435131,0.679103,0.447956,0.0
cls_c2_g0.75,2,0.75,0.434837,0.677991,0.448032,-0.000294
cls_c2_g1.25,2,1.25,0.435135,0.679107,0.44796,3e-06
cls_c2_g1.5,2,1.5,0.435135,0.679107,0.44796,3e-06
cls_c3_g0.75,3,0.75,0.435118,0.679084,0.447937,-1.3e-05
cls_c3_g1.25,3,1.25,0.434808,0.677939,0.447986,-0.000323
cls_c3_g1.5,3,1.5,0.434826,0.677963,0.448012,-0.000305
cls_c4_g0.75,4,0.75,0.435131,0.679103,0.447956,0.0
cls_c4_g1.25,4,1.25,0.435133,0.679106,0.447958,1e-06
cls_c4_g1.5,4,1.5,0.435133,0.679106,0.447958,1e-06
cls_c5_g0.75,5,0.75,0.435131,0.679103,0.447956,0.0
cls_c5_g1.25,5,1.25,0.435131,0.679103,0.447956,0.0
cls_c5_g1.5,5,1.5,0.435131,0.679103,0.447956,0.0
cls_c6_g0.75,6,0.75,0.435131,0.679103,0.447956,0.0
cls_c6_g1.25,6,1.25,0.435132,0.679104,0.447956,0.0
cls_c6_g1.5,6,1.5,0.435132,0.679104,0.447956,0.0
cls_c7_g0.75,7,0.75,0.435131,0.679103,0.447956,0.0
cls_c7_g1.25,7,1.25,0.435131,0.679103,0.447956,0.0
cls_c7_g1.5,7,1.5,0.435131,0.679103,0.447956,0.0
cls_c8_g0.75,8,0.75,0.435131,0.679103,0.447956,0.0
cls_c8_g1.25,8,1.25,0.435131,0.679103,0.447956,0.0
cls_c8_g1.5,8,1.5,0.435131,0.679103,0.447956,0.0
cls_c9_g0.75,9,0.75,0.435133,0.679106,0.447956,1e-06
cls_c9_g1.25,9,1.25,0.435159,0.67915,0.447998,2.8e-05
cls_c9_g1.5,9,1.5,0.435174,0.679175,0.448021,4.2e-05
cls_c10_g0.75,10,0.75,0.435131,0.679103,0.447956,0.0
cls_c10_g1.25,10,1.25,0.435131,0.679103,0.447956,0.0
cls_c10_g1.5,10,1.5,0.435131,0.679103,0.447956,0.0
cls_c11_g0.75,11,0.75,0.435131,0.679103,0.447956,0.0
cls_c11_g1.25,11,1.25,0.435131,0.679103,0.447956,0.0
cls_c11_g1.5,11,1.5,0.435131,0.679103,0.447956,0.0
