epoch,n,live_med,ini_med,fin_med,live_dead_lo,fin_dead_lo,ini_dead_lo,live_dead_hi,gm_live_med,ctr_live_med,ctr_live_neg,R_med,H_med,T_med
0,1320,0.09265960207044657,0.09265960207044661,0.0038177427654047394,0.14772727272727273,0.4113636363636364,0.14772727272727273,0.5151515151515151,-8.669827315416116,6.277280524192195,0.02727272727272727,0.0,0.0,0.0
10,1320,0.24841455721532124,0.6587002505261279,0.47698781051785855,0.11818181818181818,0.14696969696969697,0.048484848484848485,0.3712121212121212,-9.731468582984846,8.517652891076215,0.009848484848484848,3.122663261365377,-2.4745174564547,0.514892197147959
20,1320,0.32711894313918566,0.6095216180405403,0.5063905561433759,0.13333333333333333,0.1553030303030303,0.041666666666666664,0.34545454545454546,-9.629092904127786,8.738771988213635,0.008333333333333333,2.9368337164889726,-1.9622779838085207,0.9083996800862835
30,1320,0.3785352482444062,0.6549349422687483,0.5087081646339493,0.15454545454545454,0.1765151515151515,0.04696969696969697,0.3303030303030303,-10.352182387246156,9.357352590192697,0.009848484848484848,2.729326470337621,-2.0728758598106984,0.8121118289479323
40,1320,0.39924430395101246,0.714571615681951,0.46653655891289,0.175,0.1946969696969697,0.051515151515151514,0.3477272727272727,-10.704203181350026,9.932720379970686,0.015909090909090907,3.015213000245386,-2.137670376026265,0.8275360030071899
50,1320,0.4489464012175006,0.7117876133156873,0.5103187560125051,0.1734848484848485,0.2,0.04621212121212121,0.33560606060606063,-10.71736097322546,10.110976032137614,0.012121212121212121,3.0732616819103327,-2.1524604483642067,1.0397504843064374
60,1320,0.3731678671466698,0.6789518938199159,0.3938284427216091,0.175,0.19393939393939394,0.056818181818181816,0.36515151515151517,-11.278117765695313,10.46408541341033,0.007575757575757576,2.9348280938837266,-2.2588647070251966,0.9432239087065755
70,1320,0.41751892459976797,0.7245538083110217,0.4098732777466535,0.21893939393939393,0.23787878787878788,0.05227272727272727,0.375,-11.551349335855402,10.697709494800925,0.014393939393939395,2.971337516578931,-2.2586815141695125,0.8746940504929839
80,1320,0.4710795087628622,0.7712501662509851,0.4792594268409135,0.2053030303030303,0.21893939393939393,0.05909090909090909,0.34924242424242424,-11.596434240535796,10.912074872913415,0.015151515151515152,3.120898402941057,-2.328219722089303,1.0015850804657553
90,1320,0.496769456458642,0.770346146090966,0.4898610776567118,0.22272727272727272,0.23787878787878788,0.06439393939393939,0.3613636363636364,-11.760701243111862,11.16541871346276,0.015909090909090907,3.161592343772613,-2.415684850391213,0.9214636904791247
100,1320,0.4716361166358144,0.7570456622740923,0.4843178792963463,0.22424242424242424,0.23939393939393938,0.055303030303030305,0.35909090909090907,-11.874377810239864,11.230712811075627,0.015909090909090907,3.288077372152131,-2.5237428184668897,0.9443769275000351
110,1320,0.45747405902070193,0.7464431766358595,0.44915718272268845,0.23106060606060605,0.24621212121212122,0.0659090909090909,0.375,-11.957166022204408,11.28488005699814,0.013636363636363636,3.0702792910035157,-2.552826026218377,0.8605935776284888
120,1320,0.4727294822705271,0.8056781292909788,0.44759993700360684,0.24166666666666667,0.2553030303030303,0.06287878787878788,0.3856060606060606,-12.521209393717157,11.635235244111632,0.016666666666666666,3.377386909858184,-2.72360719609357,0.8724159710087971
130,1320,0.51360649419539,0.8055372107747318,0.5046094142168729,0.23333333333333334,0.24696969696969698,0.06212121212121212,0.39090909090909093,-12.316332631662974,11.740193146233006,0.01893939393939394,3.3914418265934296,-2.6900565615145795,0.9821267068073909
140,1320,0.46815234246724935,0.8150403775625389,0.4623146669669364,0.2590909090909091,0.27045454545454545,0.07045454545454545,0.39545454545454545,-12.712652922179059,11.977191976472074,0.019696969696969695,3.529310848888413,-2.9429519535847053,0.9693053730578614
150,1320,0.515634626200317,0.8356863595224241,0.47628122454176214,0.26590909090909093,0.2765151515151515,0.06742424242424243,0.40075757575757576,-12.893186660484531,12.028808554603575,0.01818181818181818,3.6155589023975447,-2.96725159255495,0.8999995105293959
160,1320,0.44150879578837054,0.837211248007746,0.42024199411967833,0.275,0.2803030303030303,0.0659090909090909,0.4159090909090909,-13.242055707102914,12.278044171279197,0.019696969696969695,3.4659345761306564,-3.1657784490973944,0.8887169507467343
170,1320,0.4241555289313119,0.8276062127999405,0.3993352191257403,0.29015151515151516,0.29318181818181815,0.07272727272727272,0.42348484848484846,-13.16306255931352,12.154247832577004,0.020454545454545454,3.4665402711100697,-3.1761327955882956,0.8841947140107012
180,1320,0.44815380491845425,0.8401579835512518,0.43390361187767307,0.31287878787878787,0.3181818181818182,0.07121212121212121,0.43787878787878787,-13.45487749244294,12.419659892522894,0.021212121212121213,3.4867984730828985,-3.3890719964958116,0.7757526035839581
190,1320,0.34520818545164367,0.846049492254362,0.3233499612976064,0.31363636363636366,0.3159090909090909,0.07727272727272727,0.4340909090909091,-13.799441893236425,12.609552206514962,0.024242424242424242,3.524137425808223,-3.5012673281048508,0.7957479115072612
200,1320,0.5462314747288808,0.8905224621767347,0.5358509503409907,0.28106060606060607,0.2840909090909091,0.06818181818181818,0.4053030303030303,-13.51339292481094,12.743351826696072,0.019696969696969695,3.836662380786113,-3.3930836075649315,1.155105343977878
210,1320,0.43288973887939053,0.8660201403392747,0.4248884088267474,0.3,0.3015151515151515,0.07651515151515151,0.43257575757575756,-13.865929154691361,12.67266637317725,0.021212121212121213,3.705723256635178,-3.5143326898001215,0.9269758702854904
220,1320,0.39834421439213097,0.8780413112968358,0.3884124878113042,0.325,0.32651515151515154,0.07651515151515151,0.44772727272727275,-13.97839646846095,12.84631861971367,0.022727272727272728,3.6963004374589765,-3.6470307343433563,0.8569277209332009
230,1320,0.388049833690598,0.8788358038706524,0.3845560948123408,0.3340909090909091,0.3340909090909091,0.0803030303030303,0.4431818181818182,-14.126245590976644,12.746312902914699,0.02196969696969697,3.6664822729530444,-3.7310054098703986,0.8033547118193773
240,1320,0.4103468204124464,0.8891931684462737,0.41140192849132023,0.3340909090909091,0.3340909090909091,0.08333333333333333,0.4484848484848485,-14.219483473849316,12.923048958021786,0.022727272727272728,3.6705305548098677,-3.7893643462028646,0.803633392795847
250,1320,0.39668804882519004,0.891223869989257,0.4003454355219448,0.34015151515151515,0.3386363636363636,0.08257575757575758,0.4462121212121212,-14.299930356696509,13.007574190497362,0.022727272727272728,3.7778071387887002,-3.8270666244081295,0.7056095828446267
260,1320,0.36102400169759885,0.8926038099363214,0.3639065254318832,0.3431818181818182,0.3424242424242424,0.08181818181818182,0.44393939393939397,-14.272596976087787,12.947991693846607,0.023484848484848483,3.7722313450077394,-3.865002796551432,0.7756972849550783
270,1320,0.3167483503302746,0.8886902894249677,0.32167208808176273,0.34545454545454546,0.34545454545454546,0.08409090909090909,0.45227272727272727,-14.396672267269954,12.897783101434602,0.022727272727272728,3.7887888322346397,-4.003346041263017,0.7019402551392044
280,1320,0.3202445530188666,0.8911693463187458,0.3255864929436202,0.3462121212121212,0.34545454545454546,0.0856060606060606,0.45681818181818185,-14.463167301702855,12.987210350470267,0.02196969696969697,3.7268823692151014,-3.970309980864272,0.6384792660483809
290,1320,0.28766598436204227,0.8881523368976196,0.29232500656793,0.35,0.34924242424242424,0.0893939393939394,0.4553030303030303,-14.461748623767523,12.846864596747896,0.023484848484848483,3.753344954663958,-4.001641870372338,0.6954860739866415
