cohort,n,epoch,dead_rate,live_med,gm_med,ctr_med,R_med,H_med
all,1320,290,0.35,-0.906780158626348,-14.461748623767523,12.846864596747896,3.753344954663958,-4.001641870372338
size_small,436,290,0.30504587155963303,0.8480536348057797,-14.02535897925164,13.836993359028522,3.7548158441059174,-3.2385532004475124
size_mid,448,290,0.20758928571428573,1.5328326861231227,-13.757999489310007,14.05496433959019,4.569614522807326,-3.243380934229341
size_large,436,290,0.5412844036697247,-8.412815104965926,-17.679600507878966,9.866248858378961,2.564213946535914,-6.290412057396175
border_near,330,290,0.4303030303030303,-3.964662085392778,-15.03120258675357,11.152435979195483,2.9918150780168182,-4.403338246794496
border_far,990,290,0.32323232323232326,-0.15292849593771773,-14.30520811782926,13.343611575022114,4.040893773878645,-3.758224157895934
aspect_thin,132,290,0.5075757575757576,-7.029885201764022,-16.012191566734067,9.121766594604845,3.3920234434310053,-5.914176473664817
density_lo,688,290,0.4273255813953488,-3.3882463905742446,-15.233448611873818,11.649617357101533,3.5835250323691072,-4.7936259814698605
class_0,482,290,0.35892116182572614,-1.3562796262826557,-14.915397012069446,12.77820331252529,2.663270586477563,-2.9728837065508102
class_2,359,290,0.26740947075208915,0.27579569912137103,-13.524242498287393,13.34266209871805,3.990088400806097,-3.3434956616020512
class_4,84,290,0.32142857142857145,1.3420740054750055,-14.605809928806181,13.818228460982938,9.32688496714771,-6.044036427631365
class_5,50,290,0.4,-3.5755102769957023,-13.2209394035365,11.149313613546685,3.3347056642692214,-5.433676190268609
class_6,167,290,0.2275449101796407,1.7101994599974706,-13.862491507815617,14.326008201837269,5.631469016219257,-3.233547016069104
class_8,102,290,0.6862745098039216,-13.675763496636899,-19.196615399500963,7.990043409452368,3.7897847685868964,-7.391616131883206
class_9,24,290,0.2916666666666667,-1.281416445651817,-15.064685858360601,12.518279365851763,10.36192839891636,-2.9783510909502358
