image_id,image_stem,gt_id,gt_class,gt_class_name,native_area,failure_group,in_collapse,in_wrong_class,PREFINAL_GEOMETRY,head_candidate_id,head_bbox,head_pred_class,head_rank,head_objectness,head_confidence,head_iou_real,head_ciou,head_class_score_pos_prob,head_class_score_log10,head_center_logit,head_center_prob,head_best_align,head_pos_target,head_n_pos,final_best_any_iou,final_best_same_iou,final_best_any_conf,final_best_pred_class,final_n_predictions,final_image_raw_preds,final_image_truncated_at_100,any_class_box_survived,CLASS_SCORE_STATE,CONF_FILTER_STATE,CONF_FILTER_SCOPE,ANYCLASS_BOX_STATE,NMS_STATE,GEOMETRY_TRANSFORM_STATE,TOP100_STATE,FINAL_STATE,PRIMARY_INTERPRETATION,score_filter_derivation_holds
13,000002_083_00000169,0,4,sign,1947.0,collapse,1,0,CERTIFIED_CIOU_GE_050,NOT_AVAILABLE,NOT_AVAILABLE,NOT_AVAILABLE,NOT_AVAILABLE,NOT_AVAILABLE,NOT_AVAILABLE,NOT_AVAILABLE,0.665278,2.0047e-06,-5.698,-13.12,2e-06,9.7e-05,0.665272,10,0.0,0.0,0.929707,11,3,3,0,0,COLLAPSED,SUPPORTED,GT_CLASS_CHANNEL_AT_CERTIFIED_ANCHOR,CONSISTENT_WITH_SCORE_FILTERING,NOT_OBSERVABLE,NOT_OBSERVABLE,NOT_OBSERVABLE,NO_ANY_GE_050,SUPPORTED_SCORE_FILTERING,1
13,000002_083_00000169,1,5,bicycle,2700.0,collapse+wrong_class,1,1,CERTIFIED_CIOU_GE_050,NOT_AVAILABLE,NOT_AVAILABLE,NOT_AVAILABLE,NOT_AVAILABLE,NOT_AVAILABLE,NOT_AVAILABLE,NOT_AVAILABLE,0.658467,2.699e-07,-6.569,-16.1361,1e-07,1.3e-05,0.658414,10,0.032131,0.0,0.849595,11,3,3,0,1,COLLAPSED,SUPPORTED,GT_CLASS_CHANNEL_AT_CERTIFIED_ANCHOR,BOX_SURVIVED_AS_WRONG_CLASS,NOT_OBSERVABLE,NOT_OBSERVABLE,NOT_OBSERVABLE,NO_ANY_GE_050,SUPPORTED_SCORE_FILTERING,1
42,000006_011_00000409,10,2,animal,6060.0,collapse,1,0,CERTIFIED_CIOU_GE_050,NOT_AVAILABLE,NOT_AVAILABLE,NOT_AVAILABLE,NOT_AVAILABLE,NOT_AVAILABLE,NOT_AVAILABLE,NOT_AVAILABLE,0.872054,9.3828e-06,-5.028,-8.8569,0.00014237,0.000762,0.872053,10,0.0,0.0,0.959945,1,7,7,0,0,COLLAPSED,SUPPORTED,GT_CLASS_CHANNEL_AT_CERTIFIED_ANCHOR,CONSISTENT_WITH_SCORE_FILTERING,NOT_OBSERVABLE,NOT_OBSERVABLE,NOT_OBSERVABLE,NO_ANY_GE_050,SUPPORTED_SCORE_FILTERING,1
57,000012_008_00000163,13,2,animal,1554.0,collapse,1,0,CERTIFIED_CIOU_GE_050,NOT_AVAILABLE,NOT_AVAILABLE,NOT_AVAILABLE,NOT_AVAILABLE,NOT_AVAILABLE,NOT_AVAILABLE,NOT_AVAILABLE,0.533444,3.2382e-06,-5.49,-12.6405,3.24e-06,1e-05,0.53339,10,0.0,0.0,0.940545,2,27,27,0,0,COLLAPSED,SUPPORTED,GT_CLASS_CHANNEL_AT_CERTIFIED_ANCHOR,CONSISTENT_WITH_SCORE_FILTERING,NOT_OBSERVABLE,NOT_OBSERVABLE,NOT_OBSERVABLE,NO_ANY_GE_050,SUPPORTED_SCORE_FILTERING,1
57,000012_008_00000163,14,2,animal,1125.0,collapse,1,0,CERTIFIED_CIOU_GE_050,NOT_AVAILABLE,NOT_AVAILABLE,NOT_AVAILABLE,NOT_AVAILABLE,NOT_AVAILABLE,NOT_AVAILABLE,NOT_AVAILABLE,0.531822,1.9433e-06,-5.711,-12.4475,3.93e-06,1.5e-05,0.531786,10,0.0,0.0,0.940545,2,27,27,0,0,COLLAPSED,SUPPORTED,GT_CLASS_CHANNEL_AT_CERTIFIED_ANCHOR,CONSISTENT_WITH_SCORE_FILTERING,NOT_OBSERVABLE,NOT_OBSERVABLE,NOT_OBSERVABLE,NO_ANY_GE_050,SUPPORTED_SCORE_FILTERING,1
61,000012_019_00000151,4,0,person,2397.0,collapse,1,0,CERTIFIED_CIOU_GE_050,NOT_AVAILABLE,NOT_AVAILABLE,NOT_AVAILABLE,NOT_AVAILABLE,NOT_AVAILABLE,NOT_AVAILABLE,NOT_AVAILABLE,0.710937,7.51e-08,-7.124,-16.4046,8e-08,1e-05,0.710867,10,0.0,0.0,0.955393,2,5,5,0,0,COLLAPSED,SUPPORTED,GT_CLASS_CHANNEL_AT_CERTIFIED_ANCHOR,CONSISTENT_WITH_SCORE_FILTERING,NOT_OBSERVABLE,NOT_OBSERVABLE,NOT_OBSERVABLE,NO_ANY_GE_050,SUPPORTED_SCORE_FILTERING,1
61,000012_019_00000151,5,0,person,1763.0,collapse,1,0,CERTIFIED_CIOU_GE_050,NOT_AVAILABLE,NOT_AVAILABLE,NOT_AVAILABLE,NOT_AVAILABLE,NOT_AVAILABLE,NOT_AVAILABLE,NOT_AVAILABLE,0.831793,4.1e-09,-8.383,-19.3016,0.0,4e-06,0.831576,10,0.0,0.0,0.955393,2,5,5,0,0,COLLAPSED,SUPPORTED,GT_CLASS_CHANNEL_AT_CERTIFIED_ANCHOR,CONSISTENT_WITH_SCORE_FILTERING,NOT_OBSERVABLE,NOT_OBSERVABLE,NOT_OBSERVABLE,NO_ANY_GE_050,SUPPORTED_SCORE_FILTERING,1
62,000012_022_00000090,0,2,animal,7400.0,collapse,1,0,CERTIFIED_CIOU_GE_050,NOT_AVAILABLE,NOT_AVAILABLE,NOT_AVAILABLE,NOT_AVAILABLE,NOT_AVAILABLE,NOT_AVAILABLE,NOT_AVAILABLE,0.65715,1.318e-07,-6.88,-14.3753,5.7e-07,1.6e-05,0.657108,10,0.0,0.0,,,0,0,0,0,COLLAPSED,SUPPORTED,GT_CLASS_CHANNEL_AT_CERTIFIED_ANCHOR,CONSISTENT_WITH_SCORE_FILTERING,NOT_OBSERVABLE,NOT_OBSERVABLE,NOT_OBSERVABLE,NO_ANY_GE_050,SUPPORTED_SCORE_FILTERING,1
62,000012_022_00000090,1,2,animal,2280.0,collapse,1,0,CERTIFIED_CIOU_GE_050,NOT_AVAILABLE,NOT_AVAILABLE,NOT_AVAILABLE,NOT_AVAILABLE,NOT_AVAILABLE,NOT_AVAILABLE,NOT_AVAILABLE,0.698702,1.417e-07,-6.849,-15.2773,2.3e-07,2.8e-05,0.698677,10,0.0,0.0,,,0,0,0,0,COLLAPSED,SUPPORTED,GT_CLASS_CHANNEL_AT_CERTIFIED_ANCHOR,CONSISTENT_WITH_SCORE_FILTERING,NOT_OBSERVABLE,NOT_OBSERVABLE,NOT_OBSERVABLE,NO_ANY_GE_050,SUPPORTED_SCORE_FILTERING,1
63,000012_025_00000313,3,2,animal,1368.0,collapse,1,0,CERTIFIED_CIOU_GE_050,NOT_AVAILABLE,NOT_AVAILABLE,NOT_AVAILABLE,NOT_AVAILABLE,NOT_AVAILABLE,NOT_AVAILABLE,NOT_AVAILABLE,0.704611,1.199e-06,-5.921,-13.634,1.2e-06,5.7e-05,0.704598,10,0.0,0.0,0.00255,2,2,2,0,0,COLLAPSED,SUPPORTED,GT_CLASS_CHANNEL_AT_CERTIFIED_ANCHOR,CONSISTENT_WITH_SCORE_FILTERING,NOT_OBSERVABLE,NOT_OBSERVABLE,NOT_OBSERVABLE,NO_ANY_GE_050,SUPPORTED_SCORE_FILTERING,1
63,000012_025_00000313,6,2,animal,1032.0,collapse,1,0,CERTIFIED_CIOU_GE_050,NOT_AVAILABLE,NOT_AVAILABLE,NOT_AVAILABLE,NOT_AVAILABLE,NOT_AVAILABLE,NOT_AVAILABLE,NOT_AVAILABLE,0.731697,1.0551e-06,-5.977,-13.5733,1.27e-06,7.2e-05,0.731687,8,0.0,0.0,0.00255,2,2,2,0,0,COLLAPSED,SUPPORTED,GT_CLASS_CHANNEL_AT_CERTIFIED_ANCHOR,CONSISTENT_WITH_SCORE_FILTERING,NOT_OBSERVABLE,NOT_OBSERVABLE,NOT_OBSERVABLE,NO_ANY_GE_050,SUPPORTED_SCORE_FILTERING,1
78,000013_056_00000281,9,2,animal,4860.0,collapse,1,0,CERTIFIED_CIOU_GE_050,NOT_AVAILABLE,NOT_AVAILABLE,NOT_AVAILABLE,NOT_AVAILABLE,NOT_AVAILABLE,NOT_AVAILABLE,NOT_AVAILABLE,0.717781,9.7814e-06,-5.01,-11.7009,8.29e-06,9.7e-05,0.717774,10,0.0,0.0,0.960677,2,11,11,0,0,COLLAPSED,SUPPORTED,GT_CLASS_CHANNEL_AT_CERTIFIED_ANCHOR,CONSISTENT_WITH_SCORE_FILTERING,NOT_OBSERVABLE,NOT_OBSERVABLE,NOT_OBSERVABLE,NO_ANY_GE_050,SUPPORTED_SCORE_FILTERING,1
91,000016_044_00000085,1,0,person,6438.0,collapse+wrong_class,1,1,CERTIFIED_CIOU_GE_050,NOT_AVAILABLE,NOT_AVAILABLE,NOT_AVAILABLE,NOT_AVAILABLE,NOT_AVAILABLE,NOT_AVAILABLE,NOT_AVAILABLE,0.804805,1.654e-06,-5.781,-13.4255,1.48e-06,0.00027,0.804802,10,0.037423,0.0,0.942698,6,17,17,0,1,COLLAPSED,SUPPORTED,GT_CLASS_CHANNEL_AT_CERTIFIED_ANCHOR,BOX_SURVIVED_AS_WRONG_CLASS,NOT_OBSERVABLE,NOT_OBSERVABLE,NOT_OBSERVABLE,NO_ANY_GE_050,SUPPORTED_SCORE_FILTERING,1
93,000017_011_00000297,13,9,garbage_can,4550.0,wrong_class,0,1,CERTIFIED_CIOU_GE_050,NOT_AVAILABLE,NOT_AVAILABLE,NOT_AVAILABLE,NOT_AVAILABLE,NOT_AVAILABLE,NOT_AVAILABLE,NOT_AVAILABLE,0.809165,3.42387e-05,-4.465,-10.2821,3.424e-05,0.000441,0.809163,10,0.266995,0.0,0.009943,6,14,14,0,1,LOW,SUPPORTED,GT_CLASS_CHANNEL_AT_CERTIFIED_ANCHOR,BOX_SURVIVED_AS_WRONG_CLASS,NOT_OBSERVABLE,NOT_OBSERVABLE,NOT_OBSERVABLE,NO_ANY_GE_050,SUPPORTED_SCORE_FILTERING,1
103,000019_041_00000141,2,7,ball,2964.0,wrong_class,0,1,CERTIFIED_CIOU_GE_050,NOT_AVAILABLE,NOT_AVAILABLE,NOT_AVAILABLE,NOT_AVAILABLE,NOT_AVAILABLE,NOT_AVAILABLE,NOT_AVAILABLE,0.903578,9.5299e-05,-4.021,-9.2584,9.53e-05,0.003321,0.903578,10,0.041826,0.0,0.962648,2,20,20,0,1,LOW,SUPPORTED,GT_CLASS_CHANNEL_AT_CERTIFIED_ANCHOR,BOX_SURVIVED_AS_WRONG_CLASS,NOT_OBSERVABLE,NOT_OBSERVABLE,NOT_OBSERVABLE,NO_ANY_GE_050,SUPPORTED_SCORE_FILTERING,1
104,000019_045_00000145,4,0,person,5454.0,collapse+wrong_class,1,1,CERTIFIED_CIOU_GE_050,NOT_AVAILABLE,NOT_AVAILABLE,NOT_AVAILABLE,NOT_AVAILABLE,NOT_AVAILABLE,NOT_AVAILABLE,NOT_AVAILABLE,0.836799,4.92e-08,-7.308,-15.4539,1.9e-07,6.9e-05,0.836787,10,0.092137,0.0,0.564936,2,4,4,0,1,COLLAPSED,SUPPORTED,GT_CLASS_CHANNEL_AT_CERTIFIED_ANCHOR,BOX_SURVIVED_AS_WRONG_CLASS,NOT_OBSERVABLE,NOT_OBSERVABLE,NOT_OBSERVABLE,NO_ANY_GE_050,SUPPORTED_SCORE_FILTERING,1
104,000019_045_00000145,5,0,person,4720.0,collapse,1,0,CERTIFIED_CIOU_GE_050,NOT_AVAILABLE,NOT_AVAILABLE,NOT_AVAILABLE,NOT_AVAILABLE,NOT_AVAILABLE,NOT_AVAILABLE,NOT_AVAILABLE,0.753705,8.746e-07,-6.058,-15.877,1.3e-07,6e-05,0.753693,10,0.0,0.0,0.959038,2,4,4,0,0,COLLAPSED,SUPPORTED,GT_CLASS_CHANNEL_AT_CERTIFIED_ANCHOR,CONSISTENT_WITH_SCORE_FILTERING,NOT_OBSERVABLE,NOT_OBSERVABLE,NOT_OBSERVABLE,NO_ANY_GE_050,SUPPORTED_SCORE_FILTERING,1
108,000020_018_00000093,3,8,light,4290.0,collapse,1,0,CERTIFIED_CIOU_GE_050,NOT_AVAILABLE,NOT_AVAILABLE,NOT_AVAILABLE,NOT_AVAILABLE,NOT_AVAILABLE,NOT_AVAILABLE,NOT_AVAILABLE,0.56434,1.91e-07,-6.719,-15.2821,2.3e-07,1.3e-05,0.564297,10,0.0,0.0,0.947365,4,5,5,0,0,COLLAPSED,SUPPORTED,GT_CLASS_CHANNEL_AT_CERTIFIED_ANCHOR,CONSISTENT_WITH_SCORE_FILTERING,NOT_OBSERVABLE,NOT_OBSERVABLE,NOT_OBSERVABLE,NO_ANY_GE_050,SUPPORTED_SCORE_FILTERING,1
118,000173,1,4,sign,3078.0,collapse,1,0,CERTIFIED_CIOU_GE_050,NOT_AVAILABLE,NOT_AVAILABLE,NOT_AVAILABLE,NOT_AVAILABLE,NOT_AVAILABLE,NOT_AVAILABLE,NOT_AVAILABLE,0.940084,7e-07,-6.155,-15.0312,3e-07,0.000439,0.940082,10,0.0,0.0,0.961162,4,3,3,0,0,COLLAPSED,SUPPORTED,GT_CLASS_CHANNEL_AT_CERTIFIED_ANCHOR,CONSISTENT_WITH_SCORE_FILTERING,NOT_OBSERVABLE,NOT_OBSERVABLE,NOT_OBSERVABLE,NO_ANY_GE_050,SUPPORTED_SCORE_FILTERING,1
126,000415,17,0,person,1679.0,collapse,1,0,CERTIFIED_CIOU_GE_050,NOT_AVAILABLE,NOT_AVAILABLE,NOT_AVAILABLE,NOT_AVAILABLE,NOT_AVAILABLE,NOT_AVAILABLE,NOT_AVAILABLE,0.511306,4.5753e-06,-5.34,-12.2948,4.58e-06,1.8e-05,0.511277,9,0.0,0.0,0.955642,2,34,34,0,0,COLLAPSED,SUPPORTED,GT_CLASS_CHANNEL_AT_CERTIFIED_ANCHOR,CONSISTENT_WITH_SCORE_FILTERING,NOT_OBSERVABLE,NOT_OBSERVABLE,NOT_OBSERVABLE,NO_ANY_GE_050,SUPPORTED_SCORE_FILTERING,1
127,000433,7,2,animal,6726.0,collapse,1,0,CERTIFIED_CIOU_GE_050,NOT_AVAILABLE,NOT_AVAILABLE,NOT_AVAILABLE,NOT_AVAILABLE,NOT_AVAILABLE,NOT_AVAILABLE,NOT_AVAILABLE,0.686037,2.558e-07,-6.592,-14.1394,7.2e-07,2e-05,0.686003,10,0.0,0.0,0.97263,2,7,7,0,0,COLLAPSED,SUPPORTED,GT_CLASS_CHANNEL_AT_CERTIFIED_ANCHOR,CONSISTENT_WITH_SCORE_FILTERING,NOT_OBSERVABLE,NOT_OBSERVABLE,NOT_OBSERVABLE,NO_ANY_GE_050,SUPPORTED_SCORE_FILTERING,1
128,000437,2,2,animal,2832.0,collapse,1,0,CERTIFIED_CIOU_GE_050,NOT_AVAILABLE,NOT_AVAILABLE,NOT_AVAILABLE,NOT_AVAILABLE,NOT_AVAILABLE,NOT_AVAILABLE,NOT_AVAILABLE,0.652857,2.1413e-06,-5.669,-13.8972,9.2e-07,7.8e-05,0.652849,10,0.0,0.0,0.97207,2,9,9,0,0,COLLAPSED,SUPPORTED,GT_CLASS_CHANNEL_AT_CERTIFIED_ANCHOR,CONSISTENT_WITH_SCORE_FILTERING,NOT_OBSERVABLE,NOT_OBSERVABLE,NOT_OBSERVABLE,NO_ANY_GE_050,SUPPORTED_SCORE_FILTERING,1
144,000738,3,0,person,4089.0,collapse,1,0,CERTIFIED_CIOU_GE_050,NOT_AVAILABLE,NOT_AVAILABLE,NOT_AVAILABLE,NOT_AVAILABLE,NOT_AVAILABLE,NOT_AVAILABLE,NOT_AVAILABLE,0.546712,2.6615e-06,-5.575,-12.8366,2.66e-06,1.7e-05,0.54668,10,0.0,0.0,0.957237,3,5,5,0,0,COLLAPSED,SUPPORTED,GT_CLASS_CHANNEL_AT_CERTIFIED_ANCHOR,CONSISTENT_WITH_SCORE_FILTERING,NOT_OBSERVABLE,NOT_OBSERVABLE,NOT_OBSERVABLE,NO_ANY_GE_050,SUPPORTED_SCORE_FILTERING,1
154,000889,13,0,person,2560.0,wrong_class,0,1,CERTIFIED_CIOU_GE_050,NOT_AVAILABLE,NOT_AVAILABLE,NOT_AVAILABLE,NOT_AVAILABLE,NOT_AVAILABLE,NOT_AVAILABLE,NOT_AVAILABLE,0.948015,6.49831e-05,-4.187,-10.5329,2.664e-05,0.001964,0.948015,10,0.002369,0.0,0.943103,9,15,15,0,1,LOW,SUPPORTED,GT_CLASS_CHANNEL_AT_CERTIFIED_ANCHOR,BOX_SURVIVED_AS_WRONG_CLASS,NOT_OBSERVABLE,NOT_OBSERVABLE,NOT_OBSERVABLE,NO_ANY_GE_050,SUPPORTED_SCORE_FILTERING,1
154,000889,9,4,sign,2552.0,collapse+wrong_class,1,1,CERTIFIED_CIOU_GE_050,NOT_AVAILABLE,NOT_AVAILABLE,NOT_AVAILABLE,NOT_AVAILABLE,NOT_AVAILABLE,NOT_AVAILABLE,NOT_AVAILABLE,0.717805,4.1e-09,-8.39,-14.1796,6.9e-07,4e-06,0.717628,10,0.073921,0.0,0.858727,0,15,15,0,1,COLLAPSED,SUPPORTED,GT_CLASS_CHANNEL_AT_CERTIFIED_ANCHOR,BOX_SURVIVED_AS_WRONG_CLASS,NOT_OBSERVABLE,NOT_OBSERVABLE,NOT_OBSERVABLE,NO_ANY_GE_050,SUPPORTED_SCORE_FILTERING,1
156,000943,4,0,person,1219.0,collapse,1,0,CERTIFIED_CIOU_GE_050,NOT_AVAILABLE,NOT_AVAILABLE,NOT_AVAILABLE,NOT_AVAILABLE,NOT_AVAILABLE,NOT_AVAILABLE,NOT_AVAILABLE,0.722054,2.79e-07,-6.554,-15.1813,2.6e-07,3e-06,0.721815,6,0.0,0.0,0.939979,1,16,16,0,0,COLLAPSED,SUPPORTED,GT_CLASS_CHANNEL_AT_CERTIFIED_ANCHOR,CONSISTENT_WITH_SCORE_FILTERING,NOT_OBSERVABLE,NOT_OBSERVABLE,NOT_OBSERVABLE,NO_ANY_GE_050,SUPPORTED_SCORE_FILTERING,1
158,001033,2,4,sign,3588.0,wrong_class,0,1,CERTIFIED_CIOU_GE_050,NOT_AVAILABLE,NOT_AVAILABLE,NOT_AVAILABLE,NOT_AVAILABLE,NOT_AVAILABLE,NOT_AVAILABLE,NOT_AVAILABLE,0.82621,1.12089e-05,-4.95,-12.6981,3.06e-06,7e-05,0.826199,10,0.012214,0.0,0.964762,6,17,17,0,1,LOW,SUPPORTED,GT_CLASS_CHANNEL_AT_CERTIFIED_ANCHOR,BOX_SURVIVED_AS_WRONG_CLASS,NOT_OBSERVABLE,NOT_OBSERVABLE,NOT_OBSERVABLE,NO_ANY_GE_050,SUPPORTED_SCORE_FILTERING,1
158,001033,9,5,bicycle,3000.0,wrong_class,0,1,CERTIFIED_CIOU_GE_050,NOT_AVAILABLE,NOT_AVAILABLE,NOT_AVAILABLE,NOT_AVAILABLE,NOT_AVAILABLE,NOT_AVAILABLE,NOT_AVAILABLE,0.740317,3.41565e-05,-4.467,-10.6645,2.336e-05,0.000542,0.740315,10,0.486912,0.0,0.825429,0,17,17,0,1,LOW,SUPPORTED,GT_CLASS_CHANNEL_AT_CERTIFIED_ANCHOR,BOX_SURVIVED_AS_WRONG_CLASS,NOT_OBSERVABLE,NOT_OBSERVABLE,NOT_OBSERVABLE,NO_ANY_GE_050,SUPPORTED_SCORE_FILTERING,1
159,001035,7,4,sign,4454.0,wrong_class,0,1,CERTIFIED_CIOU_GE_050,NOT_AVAILABLE,NOT_AVAILABLE,NOT_AVAILABLE,NOT_AVAILABLE,NOT_AVAILABLE,NOT_AVAILABLE,NOT_AVAILABLE,0.831276,7.17122e-05,-4.144,-12.2629,4.72e-06,0.000357,0.831274,10,0.011313,0.0,0.970668,6,20,20,0,1,LOW,SUPPORTED,GT_CLASS_CHANNEL_AT_CERTIFIED_ANCHOR,BOX_SURVIVED_AS_WRONG_CLASS,NOT_OBSERVABLE,NOT_OBSERVABLE,NOT_OBSERVABLE,NO_ANY_GE_050,SUPPORTED_SCORE_FILTERING,1
159,001035,9,4,sign,2409.0,wrong_class,0,1,CERTIFIED_CIOU_GE_050,NOT_AVAILABLE,NOT_AVAILABLE,NOT_AVAILABLE,NOT_AVAILABLE,NOT_AVAILABLE,NOT_AVAILABLE,NOT_AVAILABLE,0.878362,0.0011659518,-2.933,-13.4572,1.43e-06,0.000242,0.878358,10,0.006909,0.0,0.970668,6,20,20,0,1,NORMAL,CONSISTENT,NONE,BOX_SURVIVED_AS_WRONG_CLASS,NOT_OBSERVABLE,NOT_OBSERVABLE,NOT_OBSERVABLE,NO_ANY_GE_050,UNRESOLVED,0
160,001114,10,4,sign,2256.0,collapse,1,0,CERTIFIED_CIOU_GE_050,NOT_AVAILABLE,NOT_AVAILABLE,NOT_AVAILABLE,NOT_AVAILABLE,NOT_AVAILABLE,NOT_AVAILABLE,NOT_AVAILABLE,0.543459,2.105e-07,-6.677,-15.5151,1.8e-07,4e-06,0.54333,10,0.0,0.0,0.96818,5,11,11,0,0,COLLAPSED,SUPPORTED,GT_CLASS_CHANNEL_AT_CERTIFIED_ANCHOR,CONSISTENT_WITH_SCORE_FILTERING,NOT_OBSERVABLE,NOT_OBSERVABLE,NOT_OBSERVABLE,NO_ANY_GE_050,SUPPORTED_SCORE_FILTERING,1
211,002331,18,6,car,2415.0,wrong_class,0,1,CERTIFIED_CIOU_GE_050,NOT_AVAILABLE,NOT_AVAILABLE,NOT_AVAILABLE,NOT_AVAILABLE,NOT_AVAILABLE,NOT_AVAILABLE,NOT_AVAILABLE,0.745381,3.1339e-05,-4.504,-10.3706,3.134e-05,3.1e-05,0.745358,10,0.254619,0.0,0.939571,2,19,19,0,1,LOW,SUPPORTED,GT_CLASS_CHANNEL_AT_CERTIFIED_ANCHOR,BOX_SURVIVED_AS_WRONG_CLASS,NOT_OBSERVABLE,NOT_OBSERVABLE,NOT_OBSERVABLE,NO_ANY_GE_050,SUPPORTED_SCORE_FILTERING,1
214,002357,3,2,animal,4864.0,collapse,1,0,CERTIFIED_CIOU_GE_050,NOT_AVAILABLE,NOT_AVAILABLE,NOT_AVAILABLE,NOT_AVAILABLE,NOT_AVAILABLE,NOT_AVAILABLE,NOT_AVAILABLE,0.707552,1.7302e-06,-5.762,-13.572,1.28e-06,0.000136,0.707547,10,0.0,0.0,0.921,2,4,4,0,0,COLLAPSED,SUPPORTED,GT_CLASS_CHANNEL_AT_CERTIFIED_ANCHOR,CONSISTENT_WITH_SCORE_FILTERING,NOT_OBSERVABLE,NOT_OBSERVABLE,NOT_OBSERVABLE,NO_ANY_GE_050,SUPPORTED_SCORE_FILTERING,1
219,002517,1,4,sign,5720.0,collapse+wrong_class,1,1,CERTIFIED_CIOU_GE_050,NOT_AVAILABLE,NOT_AVAILABLE,NOT_AVAILABLE,NOT_AVAILABLE,NOT_AVAILABLE,NOT_AVAILABLE,NOT_AVAILABLE,0.705557,1.028e-07,-6.988,-14.0881,7.6e-07,1.4e-05,0.705505,10,0.467566,0.0,0.023322,8,9,9,0,1,COLLAPSED,SUPPORTED,GT_CLASS_CHANNEL_AT_CERTIFIED_ANCHOR,BOX_SURVIVED_AS_WRONG_CLASS,NOT_OBSERVABLE,NOT_OBSERVABLE,NOT_OBSERVABLE,NO_ANY_GE_050,SUPPORTED_SCORE_FILTERING,1
219,002517,2,4,sign,1950.0,collapse+wrong_class,1,1,CERTIFIED_CIOU_GE_050,NOT_AVAILABLE,NOT_AVAILABLE,NOT_AVAILABLE,NOT_AVAILABLE,NOT_AVAILABLE,NOT_AVAILABLE,NOT_AVAILABLE,0.62857,2.1e-09,-8.685,-18.7719,1e-08,1e-06,0.627849,10,0.152633,0.0,0.004599,8,9,9,0,1,COLLAPSED,SUPPORTED,GT_CLASS_CHANNEL_AT_CERTIFIED_ANCHOR,BOX_SURVIVED_AS_WRONG_CLASS,NOT_OBSERVABLE,NOT_OBSERVABLE,NOT_OBSERVABLE,NO_ANY_GE_050,SUPPORTED_SCORE_FILTERING,1
221,002584,4,8,light,1248.0,collapse,1,0,CERTIFIED_CIOU_GE_050,NOT_AVAILABLE,NOT_AVAILABLE,NOT_AVAILABLE,NOT_AVAILABLE,NOT_AVAILABLE,NOT_AVAILABLE,NOT_AVAILABLE,0.760889,1.218e-07,-6.914,-14.5738,4.7e-07,4.7e-05,0.760872,9,0.0,0.0,0.894893,0,9,9,0,0,COLLAPSED,SUPPORTED,GT_CLASS_CHANNEL_AT_CERTIFIED_ANCHOR,CONSISTENT_WITH_SCORE_FILTERING,NOT_OBSERVABLE,NOT_OBSERVABLE,NOT_OBSERVABLE,NO_ANY_GE_050,SUPPORTED_SCORE_FILTERING,1
221,002584,6,8,light,1431.0,collapse,1,0,CERTIFIED_CIOU_GE_050,NOT_AVAILABLE,NOT_AVAILABLE,NOT_AVAILABLE,NOT_AVAILABLE,NOT_AVAILABLE,NOT_AVAILABLE,NOT_AVAILABLE,0.574593,1.411e-06,-5.85,-13.4712,1.41e-06,1.2e-05,0.574546,10,0.0,0.0,0.894893,0,9,9,0,0,COLLAPSED,SUPPORTED,GT_CLASS_CHANNEL_AT_CERTIFIED_ANCHOR,CONSISTENT_WITH_SCORE_FILTERING,NOT_OBSERVABLE,NOT_OBSERVABLE,NOT_OBSERVABLE,NO_ANY_GE_050,SUPPORTED_SCORE_FILTERING,1
224,002627,11,5,bicycle,8352.0,collapse+wrong_class,1,1,CERTIFIED_CIOU_GE_050,NOT_AVAILABLE,NOT_AVAILABLE,NOT_AVAILABLE,NOT_AVAILABLE,NOT_AVAILABLE,NOT_AVAILABLE,NOT_AVAILABLE,0.590154,1.998e-07,-6.699,-15.3572,2.1e-07,9e-06,0.590089,10,0.306889,0.0,0.940392,0,55,55,0,1,COLLAPSED,SUPPORTED,GT_CLASS_CHANNEL_AT_CERTIFIED_ANCHOR,BOX_SURVIVED_AS_WRONG_CLASS,NOT_OBSERVABLE,NOT_OBSERVABLE,NOT_OBSERVABLE,NO_ANY_GE_050,SUPPORTED_SCORE_FILTERING,1
230,002839,4,0,person,3348.0,collapse,1,0,CERTIFIED_CIOU_GE_050,NOT_AVAILABLE,NOT_AVAILABLE,NOT_AVAILABLE,NOT_AVAILABLE,NOT_AVAILABLE,NOT_AVAILABLE,NOT_AVAILABLE,0.653575,3.06e-08,-7.514,-16.7824,5e-08,7e-06,0.653487,10,0.0,0.0,0.9565,0,8,8,0,0,COLLAPSED,SUPPORTED,GT_CLASS_CHANNEL_AT_CERTIFIED_ANCHOR,CONSISTENT_WITH_SCORE_FILTERING,NOT_OBSERVABLE,NOT_OBSERVABLE,NOT_OBSERVABLE,NO_ANY_GE_050,SUPPORTED_SCORE_FILTERING,1
231,002842,3,0,person,2911.0,collapse,1,0,CERTIFIED_CIOU_GE_050,NOT_AVAILABLE,NOT_AVAILABLE,NOT_AVAILABLE,NOT_AVAILABLE,NOT_AVAILABLE,NOT_AVAILABLE,NOT_AVAILABLE,0.786745,1.692e-07,-6.771,-13.139,1.97e-06,9.8e-05,0.786737,10,0.0,0.0,0.973175,0,5,5,0,0,COLLAPSED,SUPPORTED,GT_CLASS_CHANNEL_AT_CERTIFIED_ANCHOR,CONSISTENT_WITH_SCORE_FILTERING,NOT_OBSERVABLE,NOT_OBSERVABLE,NOT_OBSERVABLE,NO_ANY_GE_050,SUPPORTED_SCORE_FILTERING,1
231,002842,4,0,person,2268.0,collapse,1,0,CERTIFIED_CIOU_GE_050,NOT_AVAILABLE,NOT_AVAILABLE,NOT_AVAILABLE,NOT_AVAILABLE,NOT_AVAILABLE,NOT_AVAILABLE,NOT_AVAILABLE,0.607993,7.7e-08,-7.114,-15.9345,1.2e-07,5e-06,0.607859,10,0.0,0.0,0.973175,0,5,5,0,0,COLLAPSED,SUPPORTED,GT_CLASS_CHANNEL_AT_CERTIFIED_ANCHOR,CONSISTENT_WITH_SCORE_FILTERING,NOT_OBSERVABLE,NOT_OBSERVABLE,NOT_OBSERVABLE,NO_ANY_GE_050,SUPPORTED_SCORE_FILTERING,1
234,002955,0,9,garbage_can,7558.3,wrong_class,0,1,CERTIFIED_CIOU_GE_050,NOT_AVAILABLE,NOT_AVAILABLE,NOT_AVAILABLE,NOT_AVAILABLE,NOT_AVAILABLE,NOT_AVAILABLE,NOT_AVAILABLE,0.867045,3.02634e-05,-4.519,-11.5216,9.91e-06,0.002107,0.867044,10,0.029555,0.0,0.262215,0,40,40,0,1,LOW,SUPPORTED,GT_CLASS_CHANNEL_AT_CERTIFIED_ANCHOR,BOX_SURVIVED_AS_WRONG_CLASS,NOT_OBSERVABLE,NOT_OBSERVABLE,NOT_OBSERVABLE,NO_ANY_GE_050,SUPPORTED_SCORE_FILTERING,1
234,002955,1,9,garbage_can,5230.6,collapse+wrong_class,1,1,CERTIFIED_CIOU_GE_050,NOT_AVAILABLE,NOT_AVAILABLE,NOT_AVAILABLE,NOT_AVAILABLE,NOT_AVAILABLE,NOT_AVAILABLE,NOT_AVAILABLE,0.870876,2.4674e-06,-5.608,-12.9124,2.47e-06,0.000499,0.870874,10,0.048143,0.0,0.918101,0,40,40,0,1,COLLAPSED,SUPPORTED,GT_CLASS_CHANNEL_AT_CERTIFIED_ANCHOR,BOX_SURVIVED_AS_WRONG_CLASS,NOT_OBSERVABLE,NOT_OBSERVABLE,NOT_OBSERVABLE,NO_ANY_GE_050,SUPPORTED_SCORE_FILTERING,1
235,002987,12,0,person,1122.0,wrong_class,0,1,CERTIFIED_CIOU_GE_050,NOT_AVAILABLE,NOT_AVAILABLE,NOT_AVAILABLE,NOT_AVAILABLE,NOT_AVAILABLE,NOT_AVAILABLE,NOT_AVAILABLE,0.740487,0.0011896595,-2.925,-6.7329,0.00118966,8.7e-05,0.740479,8,0.195794,0.0,0.906601,5,23,23,0,1,NORMAL,CONSISTENT,NONE,BOX_SURVIVED_AS_WRONG_CLASS,NOT_OBSERVABLE,NOT_OBSERVABLE,NOT_OBSERVABLE,NO_ANY_GE_050,UNRESOLVED,0
235,002987,14,5,bicycle,2337.0,collapse,1,0,CERTIFIED_CIOU_GE_050,NOT_AVAILABLE,NOT_AVAILABLE,NOT_AVAILABLE,NOT_AVAILABLE,NOT_AVAILABLE,NOT_AVAILABLE,NOT_AVAILABLE,0.676954,6.4165e-06,-5.193,-12.436,3.97e-06,0.000145,0.676949,10,0.0,0.0,0.928307,0,23,23,0,0,COLLAPSED,SUPPORTED,GT_CLASS_CHANNEL_AT_CERTIFIED_ANCHOR,CONSISTENT_WITH_SCORE_FILTERING,NOT_OBSERVABLE,NOT_OBSERVABLE,NOT_OBSERVABLE,NO_ANY_GE_050,SUPPORTED_SCORE_FILTERING,1
235,002987,15,5,bicycle,3864.0,wrong_class,0,1,CERTIFIED_CIOU_GE_050,NOT_AVAILABLE,NOT_AVAILABLE,NOT_AVAILABLE,NOT_AVAILABLE,NOT_AVAILABLE,NOT_AVAILABLE,NOT_AVAILABLE,0.826452,3.98625e-05,-4.399,-12.0205,6.02e-06,3.1e-05,0.826425,10,0.365495,0.0,0.824396,0,23,23,0,1,LOW,SUPPORTED,GT_CLASS_CHANNEL_AT_CERTIFIED_ANCHOR,BOX_SURVIVED_AS_WRONG_CLASS,NOT_OBSERVABLE,NOT_OBSERVABLE,NOT_OBSERVABLE,NO_ANY_GE_050,SUPPORTED_SCORE_FILTERING,1
235,002987,3,0,person,1612.0,collapse,1,0,CERTIFIED_CIOU_GE_050,NOT_AVAILABLE,NOT_AVAILABLE,NOT_AVAILABLE,NOT_AVAILABLE,NOT_AVAILABLE,NOT_AVAILABLE,NOT_AVAILABLE,0.872445,3.8536e-06,-5.414,-12.4665,3.85e-06,0.000505,0.872444,10,0.0,0.0,0.928307,0,23,23,0,0,COLLAPSED,SUPPORTED,GT_CLASS_CHANNEL_AT_CERTIFIED_ANCHOR,CONSISTENT_WITH_SCORE_FILTERING,NOT_OBSERVABLE,NOT_OBSERVABLE,NOT_OBSERVABLE,NO_ANY_GE_050,SUPPORTED_SCORE_FILTERING,1
236,003007,6,0,person,1215.0,collapse,1,0,CERTIFIED_CIOU_GE_050,NOT_AVAILABLE,NOT_AVAILABLE,NOT_AVAILABLE,NOT_AVAILABLE,NOT_AVAILABLE,NOT_AVAILABLE,NOT_AVAILABLE,0.77765,1.1426e-06,-5.942,-17.0031,4e-08,4.1e-05,0.777631,9,0.0,0.0,0.960893,0,21,21,0,0,COLLAPSED,SUPPORTED,GT_CLASS_CHANNEL_AT_CERTIFIED_ANCHOR,CONSISTENT_WITH_SCORE_FILTERING,NOT_OBSERVABLE,NOT_OBSERVABLE,NOT_OBSERVABLE,NO_ANY_GE_050,SUPPORTED_SCORE_FILTERING,1
240,003056,1,0,person,2048.0,collapse,1,0,CERTIFIED_CIOU_GE_050,NOT_AVAILABLE,NOT_AVAILABLE,NOT_AVAILABLE,NOT_AVAILABLE,NOT_AVAILABLE,NOT_AVAILABLE,NOT_AVAILABLE,0.81524,3.1493e-06,-5.502,-13.3299,1.63e-06,0.000268,0.815237,10,0.0,0.0,0.906322,0,24,24,0,0,COLLAPSED,SUPPORTED,GT_CLASS_CHANNEL_AT_CERTIFIED_ANCHOR,CONSISTENT_WITH_SCORE_FILTERING,NOT_OBSERVABLE,NOT_OBSERVABLE,NOT_OBSERVABLE,NO_ANY_GE_050,SUPPORTED_SCORE_FILTERING,1
240,003056,3,0,person,1862.0,collapse,1,0,CERTIFIED_CIOU_GE_050,NOT_AVAILABLE,NOT_AVAILABLE,NOT_AVAILABLE,NOT_AVAILABLE,NOT_AVAILABLE,NOT_AVAILABLE,NOT_AVAILABLE,0.575384,6.4899e-06,-5.188,-13.7322,1.09e-06,4e-06,0.575253,10,0.0,0.0,0.906322,0,24,24,0,0,COLLAPSED,SUPPORTED,GT_CLASS_CHANNEL_AT_CERTIFIED_ANCHOR,CONSISTENT_WITH_SCORE_FILTERING,NOT_OBSERVABLE,NOT_OBSERVABLE,NOT_OBSERVABLE,NO_ANY_GE_050,SUPPORTED_SCORE_FILTERING,1
240,003056,8,5,bicycle,1392.0,collapse,1,0,CERTIFIED_CIOU_GE_050,NOT_AVAILABLE,NOT_AVAILABLE,NOT_AVAILABLE,NOT_AVAILABLE,NOT_AVAILABLE,NOT_AVAILABLE,NOT_AVAILABLE,0.66469,1.5943e-06,-5.797,-14.371,5.7e-07,2.7e-05,0.664666,8,0.0,0.0,0.906322,0,24,24,0,0,COLLAPSED,SUPPORTED,GT_CLASS_CHANNEL_AT_CERTIFIED_ANCHOR,CONSISTENT_WITH_SCORE_FILTERING,NOT_OBSERVABLE,NOT_OBSERVABLE,NOT_OBSERVABLE,NO_ANY_GE_050,SUPPORTED_SCORE_FILTERING,1
243,003148,0,2,animal,6120.0,collapse,1,0,CERTIFIED_CIOU_GE_050,NOT_AVAILABLE,NOT_AVAILABLE,NOT_AVAILABLE,NOT_AVAILABLE,NOT_AVAILABLE,NOT_AVAILABLE,NOT_AVAILABLE,0.819686,6.4988e-06,-5.187,-12.2816,4.64e-06,0.000497,0.819685,10,0.0,0.0,0.933301,2,10,10,0,0,COLLAPSED,SUPPORTED,GT_CLASS_CHANNEL_AT_CERTIFIED_ANCHOR,CONSISTENT_WITH_SCORE_FILTERING,NOT_OBSERVABLE,NOT_OBSERVABLE,NOT_OBSERVABLE,NO_ANY_GE_050,SUPPORTED_SCORE_FILTERING,1
243,003148,7,0,person,1219.0,collapse,1,0,CERTIFIED_CIOU_GE_050,NOT_AVAILABLE,NOT_AVAILABLE,NOT_AVAILABLE,NOT_AVAILABLE,NOT_AVAILABLE,NOT_AVAILABLE,NOT_AVAILABLE,0.739586,2.684e-07,-6.571,-15.8021,1.4e-07,8.5e-05,0.739577,7,0.0,0.0,0.933301,2,10,10,0,0,COLLAPSED,SUPPORTED,GT_CLASS_CHANNEL_AT_CERTIFIED_ANCHOR,CONSISTENT_WITH_SCORE_FILTERING,NOT_OBSERVABLE,NOT_OBSERVABLE,NOT_OBSERVABLE,NO_ANY_GE_050,SUPPORTED_SCORE_FILTERING,1
243,003148,8,0,person,1121.0,collapse,1,0,CERTIFIED_CIOU_GE_050,NOT_AVAILABLE,NOT_AVAILABLE,NOT_AVAILABLE,NOT_AVAILABLE,NOT_AVAILABLE,NOT_AVAILABLE,NOT_AVAILABLE,0.611869,9.491e-07,-6.023,-13.8678,9.5e-07,1.9e-05,0.611837,7,0.0,0.0,0.933301,2,10,10,0,0,COLLAPSED,SUPPORTED,GT_CLASS_CHANNEL_AT_CERTIFIED_ANCHOR,CONSISTENT_WITH_SCORE_FILTERING,NOT_OBSERVABLE,NOT_OBSERVABLE,NOT_OBSERVABLE,NO_ANY_GE_050,SUPPORTED_SCORE_FILTERING,1
252,003288,11,0,person,1170.0,collapse+wrong_class,1,1,CERTIFIED_CIOU_GE_050,NOT_AVAILABLE,NOT_AVAILABLE,NOT_AVAILABLE,NOT_AVAILABLE,NOT_AVAILABLE,NOT_AVAILABLE,NOT_AVAILABLE,0.715897,6.736e-06,-5.172,-11.908,6.74e-06,9.4e-05,0.715889,10,0.019196,0.0,0.955456,1,45,45,0,1,COLLAPSED,SUPPORTED,GT_CLASS_CHANNEL_AT_CERTIFIED_ANCHOR,BOX_SURVIVED_AS_WRONG_CLASS,NOT_OBSERVABLE,NOT_OBSERVABLE,NOT_OBSERVABLE,NO_ANY_GE_050,SUPPORTED_SCORE_FILTERING,1
252,003288,16,2,animal,2184.0,collapse,1,0,CERTIFIED_CIOU_GE_050,NOT_AVAILABLE,NOT_AVAILABLE,NOT_AVAILABLE,NOT_AVAILABLE,NOT_AVAILABLE,NOT_AVAILABLE,NOT_AVAILABLE,0.723341,9.02e-08,-7.045,-17.563,2e-08,1e-05,0.723271,10,0.0,0.0,0.955456,1,45,45,0,0,COLLAPSED,SUPPORTED,GT_CLASS_CHANNEL_AT_CERTIFIED_ANCHOR,CONSISTENT_WITH_SCORE_FILTERING,NOT_OBSERVABLE,NOT_OBSERVABLE,NOT_OBSERVABLE,NO_ANY_GE_050,SUPPORTED_SCORE_FILTERING,1
254,003317,7,4,sign,3360.0,collapse,1,0,CERTIFIED_CIOU_GE_050,NOT_AVAILABLE,NOT_AVAILABLE,NOT_AVAILABLE,NOT_AVAILABLE,NOT_AVAILABLE,NOT_AVAILABLE,NOT_AVAILABLE,0.614033,1.226e-07,-6.912,-14.8603,3.5e-07,1e-05,0.61397,10,0.0,0.0,0.968528,0,23,23,0,0,COLLAPSED,SUPPORTED,GT_CLASS_CHANNEL_AT_CERTIFIED_ANCHOR,CONSISTENT_WITH_SCORE_FILTERING,NOT_OBSERVABLE,NOT_OBSERVABLE,NOT_OBSERVABLE,NO_ANY_GE_050,SUPPORTED_SCORE_FILTERING,1
259,003419,13,8,light,2119.8,collapse+wrong_class,1,1,CERTIFIED_CIOU_GE_050,NOT_AVAILABLE,NOT_AVAILABLE,NOT_AVAILABLE,NOT_AVAILABLE,NOT_AVAILABLE,NOT_AVAILABLE,NOT_AVAILABLE,0.662419,6.0102e-06,-5.221,-12.2716,4.68e-06,8.7e-05,0.662412,10,0.095658,0.0,0.001091,6,32,32,0,1,COLLAPSED,SUPPORTED,GT_CLASS_CHANNEL_AT_CERTIFIED_ANCHOR,BOX_SURVIVED_AS_WRONG_CLASS,NOT_OBSERVABLE,NOT_OBSERVABLE,NOT_OBSERVABLE,NO_ANY_GE_050,SUPPORTED_SCORE_FILTERING,1
259,003419,14,8,light,3558.0,collapse+wrong_class,1,1,CERTIFIED_CIOU_GE_050,NOT_AVAILABLE,NOT_AVAILABLE,NOT_AVAILABLE,NOT_AVAILABLE,NOT_AVAILABLE,NOT_AVAILABLE,NOT_AVAILABLE,0.560868,1.1556e-06,-5.937,-10.1602,3.868e-05,1.2e-05,0.560822,10,0.052177,0.0,0.631287,4,32,32,0,1,COLLAPSED,SUPPORTED,GT_CLASS_CHANNEL_AT_CERTIFIED_ANCHOR,BOX_SURVIVED_AS_WRONG_CLASS,NOT_OBSERVABLE,NOT_OBSERVABLE,NOT_OBSERVABLE,NO_ANY_GE_050,SUPPORTED_SCORE_FILTERING,1
259,003419,19,8,light,2269.5,wrong_class,0,1,CERTIFIED_CIOU_GE_050,NOT_AVAILABLE,NOT_AVAILABLE,NOT_AVAILABLE,NOT_AVAILABLE,NOT_AVAILABLE,NOT_AVAILABLE,NOT_AVAILABLE,0.742705,0.0001221874,-3.913,-8.9094,0.00013509,0.000752,0.742704,10,0.124177,0.0,0.002254,5,32,32,0,1,LOW,SUPPORTED,GT_CLASS_CHANNEL_AT_CERTIFIED_ANCHOR,BOX_SURVIVED_AS_WRONG_CLASS,NOT_OBSERVABLE,NOT_OBSERVABLE,NOT_OBSERVABLE,NO_ANY_GE_050,SUPPORTED_SCORE_FILTERING,1
279,003739,2,2,animal,1855.0,collapse,1,0,CERTIFIED_CIOU_GE_050,NOT_AVAILABLE,NOT_AVAILABLE,NOT_AVAILABLE,NOT_AVAILABLE,NOT_AVAILABLE,NOT_AVAILABLE,NOT_AVAILABLE,0.89172,7.677e-07,-6.115,-13.2192,1.82e-06,0.000441,0.891718,10,0.0,0.0,0.922925,2,14,14,0,0,COLLAPSED,SUPPORTED,GT_CLASS_CHANNEL_AT_CERTIFIED_ANCHOR,CONSISTENT_WITH_SCORE_FILTERING,NOT_OBSERVABLE,NOT_OBSERVABLE,NOT_OBSERVABLE,NO_ANY_GE_050,SUPPORTED_SCORE_FILTERING,1
291,003863,1,0,person,2745.0,collapse+wrong_class,1,1,CERTIFIED_CIOU_GE_050,NOT_AVAILABLE,NOT_AVAILABLE,NOT_AVAILABLE,NOT_AVAILABLE,NOT_AVAILABLE,NOT_AVAILABLE,NOT_AVAILABLE,0.59537,4.77e-08,-7.321,-16.4622,7e-08,7e-06,0.595283,10,0.011277,0.0,0.954325,2,10,10,0,1,COLLAPSED,SUPPORTED,GT_CLASS_CHANNEL_AT_CERTIFIED_ANCHOR,BOX_SURVIVED_AS_WRONG_CLASS,NOT_OBSERVABLE,NOT_OBSERVABLE,NOT_OBSERVABLE,NO_ANY_GE_050,SUPPORTED_SCORE_FILTERING,1
291,003863,3,0,person,1250.0,collapse+wrong_class,1,1,CERTIFIED_CIOU_GE_050,NOT_AVAILABLE,NOT_AVAILABLE,NOT_AVAILABLE,NOT_AVAILABLE,NOT_AVAILABLE,NOT_AVAILABLE,NOT_AVAILABLE,0.558004,2.971e-07,-6.527,-15.0291,3e-07,7e-06,0.557919,10,0.001556,0.0,0.954325,2,10,10,0,1,COLLAPSED,SUPPORTED,GT_CLASS_CHANNEL_AT_CERTIFIED_ANCHOR,BOX_SURVIVED_AS_WRONG_CLASS,NOT_OBSERVABLE,NOT_OBSERVABLE,NOT_OBSERVABLE,NO_ANY_GE_050,SUPPORTED_SCORE_FILTERING,1
291,003863,5,2,animal,3720.0,collapse,1,0,CERTIFIED_CIOU_GE_050,NOT_AVAILABLE,NOT_AVAILABLE,NOT_AVAILABLE,NOT_AVAILABLE,NOT_AVAILABLE,NOT_AVAILABLE,NOT_AVAILABLE,0.846583,3.052e-07,-6.515,-15.5101,1.8e-07,0.000142,0.846577,10,0.0,0.0,0.954325,2,10,10,0,0,COLLAPSED,SUPPORTED,GT_CLASS_CHANNEL_AT_CERTIFIED_ANCHOR,CONSISTENT_WITH_SCORE_FILTERING,NOT_OBSERVABLE,NOT_OBSERVABLE,NOT_OBSERVABLE,NO_ANY_GE_050,SUPPORTED_SCORE_FILTERING,1
296,003902,5,0,person,2068.0,collapse,1,0,CERTIFIED_CIOU_GE_050,NOT_AVAILABLE,NOT_AVAILABLE,NOT_AVAILABLE,NOT_AVAILABLE,NOT_AVAILABLE,NOT_AVAILABLE,NOT_AVAILABLE,0.56405,9.4319e-06,-5.025,-11.5714,9.43e-06,4.5e-05,0.564037,10,0.0,0.0,0.910373,2,9,9,0,0,COLLAPSED,SUPPORTED,GT_CLASS_CHANNEL_AT_CERTIFIED_ANCHOR,CONSISTENT_WITH_SCORE_FILTERING,NOT_OBSERVABLE,NOT_OBSERVABLE,NOT_OBSERVABLE,NO_ANY_GE_050,SUPPORTED_SCORE_FILTERING,1
298,003941,21,0,person,2650.0,collapse,1,0,CERTIFIED_CIOU_GE_050,NOT_AVAILABLE,NOT_AVAILABLE,NOT_AVAILABLE,NOT_AVAILABLE,NOT_AVAILABLE,NOT_AVAILABLE,NOT_AVAILABLE,0.769016,2.7361e-06,-5.563,-15.2998,2.3e-07,2e-05,0.768977,10,0.0,0.0,0.958915,0,89,89,0,0,COLLAPSED,SUPPORTED,GT_CLASS_CHANNEL_AT_CERTIFIED_ANCHOR,CONSISTENT_WITH_SCORE_FILTERING,NOT_OBSERVABLE,NOT_OBSERVABLE,NOT_OBSERVABLE,NO_ANY_GE_050,SUPPORTED_SCORE_FILTERING,1
300,003987,55,5,bicycle,3825.0,collapse+wrong_class,1,1,CERTIFIED_CIOU_GE_050,NOT_AVAILABLE,NOT_AVAILABLE,NOT_AVAILABLE,NOT_AVAILABLE,NOT_AVAILABLE,NOT_AVAILABLE,NOT_AVAILABLE,0.557727,3.187e-07,-6.497,-14.247,6.5e-07,5e-06,0.557616,10,0.113976,0.0,0.016558,0,100,145,1,1,COLLAPSED,SUPPORTED,GT_CLASS_CHANNEL_AT_CERTIFIED_ANCHOR,BOX_SURVIVED_AS_WRONG_CLASS,NOT_OBSERVABLE,NOT_OBSERVABLE,POSSIBLE,NO_ANY_GE_050,SUPPORTED_SCORE_FILTERING,1
305,hehe_186_000002_028_00000050,1,4,sign,8280.0,collapse,1,0,CERTIFIED_CIOU_GE_050,NOT_AVAILABLE,NOT_AVAILABLE,NOT_AVAILABLE,NOT_AVAILABLE,NOT_AVAILABLE,NOT_AVAILABLE,NOT_AVAILABLE,0.838326,4.0016e-06,-5.398,-12.7019,3.05e-06,0.000419,0.838324,10,0.0,0.0,0.037922,9,1,1,0,0,COLLAPSED,SUPPORTED,GT_CLASS_CHANNEL_AT_CERTIFIED_ANCHOR,CONSISTENT_WITH_SCORE_FILTERING,NOT_OBSERVABLE,NOT_OBSERVABLE,NOT_OBSERVABLE,NO_ANY_GE_050,SUPPORTED_SCORE_FILTERING,1
306,hehe_22_00000004,9,5,bicycle,1196.0,wrong_class,0,1,CERTIFIED_CIOU_GE_050,NOT_AVAILABLE,NOT_AVAILABLE,NOT_AVAILABLE,NOT_AVAILABLE,NOT_AVAILABLE,NOT_AVAILABLE,NOT_AVAILABLE,0.744987,5.4942e-05,-4.26,-10.5194,2.701e-05,0.001209,0.744986,10,0.230276,0.0,0.906297,0,20,20,0,1,LOW,SUPPORTED,GT_CLASS_CHANNEL_AT_CERTIFIED_ANCHOR,BOX_SURVIVED_AS_WRONG_CLASS,NOT_OBSERVABLE,NOT_OBSERVABLE,NOT_OBSERVABLE,NO_ANY_GE_050,SUPPORTED_SCORE_FILTERING,1
307,hehe_230_000002_043_00000061,13,0,person,2170.0,wrong_class,0,1,CERTIFIED_CIOU_GE_050,NOT_AVAILABLE,NOT_AVAILABLE,NOT_AVAILABLE,NOT_AVAILABLE,NOT_AVAILABLE,NOT_AVAILABLE,NOT_AVAILABLE,0.713321,0.0019284154,-2.715,-6.2491,0.00192842,0.00073,0.71332,10,0.323874,0.0,0.03086,5,19,19,0,1,NORMAL,CONSISTENT,NONE,BOX_SURVIVED_AS_WRONG_CLASS,NOT_OBSERVABLE,NOT_OBSERVABLE,NOT_OBSERVABLE,NO_ANY_GE_050,UNRESOLVED,0
314,hehe_61_00000090,10,5,bicycle,5700.0,collapse,1,0,CERTIFIED_CIOU_GE_050,NOT_AVAILABLE,NOT_AVAILABLE,NOT_AVAILABLE,NOT_AVAILABLE,NOT_AVAILABLE,NOT_AVAILABLE,NOT_AVAILABLE,0.830554,2.5887e-06,-5.587,-11.7247,8.09e-06,5e-05,0.830537,10,0.0,0.0,0.96408,4,23,23,0,0,COLLAPSED,SUPPORTED,GT_CLASS_CHANNEL_AT_CERTIFIED_ANCHOR,CONSISTENT_WITH_SCORE_FILTERING,NOT_OBSERVABLE,NOT_OBSERVABLE,NOT_OBSERVABLE,NO_ANY_GE_050,SUPPORTED_SCORE_FILTERING,1
314,hehe_61_00000090,11,5,bicycle,9200.0,collapse,1,0,CERTIFIED_CIOU_GE_050,NOT_AVAILABLE,NOT_AVAILABLE,NOT_AVAILABLE,NOT_AVAILABLE,NOT_AVAILABLE,NOT_AVAILABLE,NOT_AVAILABLE,0.696734,8.1215e-06,-5.09,-13.0942,2.06e-06,0.000318,0.696732,10,0.0,0.0,0.96408,4,23,23,0,0,COLLAPSED,SUPPORTED,GT_CLASS_CHANNEL_AT_CERTIFIED_ANCHOR,CONSISTENT_WITH_SCORE_FILTERING,NOT_OBSERVABLE,NOT_OBSERVABLE,NOT_OBSERVABLE,NO_ANY_GE_050,SUPPORTED_SCORE_FILTERING,1
315,hehe_65_00000229,2,4,sign,6720.0,collapse,1,0,CERTIFIED_CIOU_GE_050,NOT_AVAILABLE,NOT_AVAILABLE,NOT_AVAILABLE,NOT_AVAILABLE,NOT_AVAILABLE,NOT_AVAILABLE,NOT_AVAILABLE,0.923865,4.9547e-06,-5.305,-14.2628,6.4e-07,0.000927,0.923864,10,0.0,0.0,0.968445,6,8,8,0,0,COLLAPSED,SUPPORTED,GT_CLASS_CHANNEL_AT_CERTIFIED_ANCHOR,CONSISTENT_WITH_SCORE_FILTERING,NOT_OBSERVABLE,NOT_OBSERVABLE,NOT_OBSERVABLE,NO_ANY_GE_050,SUPPORTED_SCORE_FILTERING,1
316,hehe_6_00000054,0,7,ball,1480.0,collapse,1,0,CERTIFIED_CIOU_GE_050,NOT_AVAILABLE,NOT_AVAILABLE,NOT_AVAILABLE,NOT_AVAILABLE,NOT_AVAILABLE,NOT_AVAILABLE,NOT_AVAILABLE,0.759694,6.297e-07,-6.201,-14.6957,4.1e-07,8.7e-05,0.759685,10,0.0,0.0,0.958441,0,40,40,0,0,COLLAPSED,SUPPORTED,GT_CLASS_CHANNEL_AT_CERTIFIED_ANCHOR,CONSISTENT_WITH_SCORE_FILTERING,NOT_OBSERVABLE,NOT_OBSERVABLE,NOT_OBSERVABLE,NO_ANY_GE_050,SUPPORTED_SCORE_FILTERING,1
316,hehe_6_00000054,16,6,car,3770.0,collapse+wrong_class,1,1,CERTIFIED_CIOU_GE_050,NOT_AVAILABLE,NOT_AVAILABLE,NOT_AVAILABLE,NOT_AVAILABLE,NOT_AVAILABLE,NOT_AVAILABLE,NOT_AVAILABLE,0.72529,1.5222e-06,-5.818,-13.8684,9.5e-07,0.000104,0.725283,10,0.150867,0.0,0.944162,0,40,40,0,1,COLLAPSED,SUPPORTED,GT_CLASS_CHANNEL_AT_CERTIFIED_ANCHOR,BOX_SURVIVED_AS_WRONG_CLASS,NOT_OBSERVABLE,NOT_OBSERVABLE,NOT_OBSERVABLE,NO_ANY_GE_050,SUPPORTED_SCORE_FILTERING,1
316,hehe_6_00000054,17,6,car,4389.0,collapse+wrong_class,1,1,CERTIFIED_CIOU_GE_050,NOT_AVAILABLE,NOT_AVAILABLE,NOT_AVAILABLE,NOT_AVAILABLE,NOT_AVAILABLE,NOT_AVAILABLE,NOT_AVAILABLE,0.61246,9.2858e-06,-5.032,-11.587,9.29e-06,0.000161,0.612456,10,0.000699,0.0,0.943443,0,40,40,0,1,COLLAPSED,SUPPORTED,GT_CLASS_CHANNEL_AT_CERTIFIED_ANCHOR,BOX_SURVIVED_AS_WRONG_CLASS,NOT_OBSERVABLE,NOT_OBSERVABLE,NOT_OBSERVABLE,NO_ANY_GE_050,SUPPORTED_SCORE_FILTERING,1
355,shuming_340_00000020,1,4,sign,2496.0,collapse+wrong_class,1,1,CERTIFIED_CIOU_GE_050,NOT_AVAILABLE,NOT_AVAILABLE,NOT_AVAILABLE,NOT_AVAILABLE,NOT_AVAILABLE,NOT_AVAILABLE,NOT_AVAILABLE,0.815057,4.925e-07,-6.308,-15.0038,3e-07,0.000162,0.815052,10,0.185245,0.0,0.009932,0,100,105,1,1,COLLAPSED,SUPPORTED,GT_CLASS_CHANNEL_AT_CERTIFIED_ANCHOR,BOX_SURVIVED_AS_WRONG_CLASS,NOT_OBSERVABLE,NOT_OBSERVABLE,POSSIBLE,NO_ANY_GE_050,SUPPORTED_SCORE_FILTERING,1
365,shuming_485_00000027,3,8,light,1628.0,collapse,1,0,CERTIFIED_CIOU_GE_050,NOT_AVAILABLE,NOT_AVAILABLE,NOT_AVAILABLE,NOT_AVAILABLE,NOT_AVAILABLE,NOT_AVAILABLE,NOT_AVAILABLE,0.775968,6.49e-08,-7.188,-15.7505,1.4e-07,4.2e-05,0.77595,10,0.0,0.0,0.973824,6,3,3,0,0,COLLAPSED,SUPPORTED,GT_CLASS_CHANNEL_AT_CERTIFIED_ANCHOR,CONSISTENT_WITH_SCORE_FILTERING,NOT_OBSERVABLE,NOT_OBSERVABLE,NOT_OBSERVABLE,NO_ANY_GE_050,SUPPORTED_SCORE_FILTERING,1
365,shuming_485_00000027,4,8,light,5915.0,collapse,1,0,CERTIFIED_CIOU_GE_050,NOT_AVAILABLE,NOT_AVAILABLE,NOT_AVAILABLE,NOT_AVAILABLE,NOT_AVAILABLE,NOT_AVAILABLE,NOT_AVAILABLE,0.707756,1.772e-06,-5.752,-15.5144,1.8e-07,1.8e-05,0.707716,10,0.0,0.0,0.973824,6,3,3,0,0,COLLAPSED,SUPPORTED,GT_CLASS_CHANNEL_AT_CERTIFIED_ANCHOR,CONSISTENT_WITH_SCORE_FILTERING,NOT_OBSERVABLE,NOT_OBSERVABLE,NOT_OBSERVABLE,NO_ANY_GE_050,SUPPORTED_SCORE_FILTERING,1
367,shuming_562_00000223,2,2,animal,8284.0,collapse,1,0,CERTIFIED_CIOU_GE_050,NOT_AVAILABLE,NOT_AVAILABLE,NOT_AVAILABLE,NOT_AVAILABLE,NOT_AVAILABLE,NOT_AVAILABLE,NOT_AVAILABLE,0.855888,8.564e-07,-6.067,-14.4977,5.1e-07,0.000121,0.855881,10,0.0,0.0,0.402448,2,6,6,0,0,COLLAPSED,SUPPORTED,GT_CLASS_CHANNEL_AT_CERTIFIED_ANCHOR,CONSISTENT_WITH_SCORE_FILTERING,NOT_OBSERVABLE,NOT_OBSERVABLE,NOT_OBSERVABLE,NO_ANY_GE_050,SUPPORTED_SCORE_FILTERING,1
373,shuming_63_00000393,4,8,light,2205.0,collapse,1,0,CERTIFIED_CIOU_GE_050,NOT_AVAILABLE,NOT_AVAILABLE,NOT_AVAILABLE,NOT_AVAILABLE,NOT_AVAILABLE,NOT_AVAILABLE,NOT_AVAILABLE,0.603633,3.7535e-06,-5.426,-12.2502,4.78e-06,1.7e-05,0.603598,10,0.0,0.0,0.969717,0,6,6,0,0,COLLAPSED,SUPPORTED,GT_CLASS_CHANNEL_AT_CERTIFIED_ANCHOR,CONSISTENT_WITH_SCORE_FILTERING,NOT_OBSERVABLE,NOT_OBSERVABLE,NOT_OBSERVABLE,NO_ANY_GE_050,SUPPORTED_SCORE_FILTERING,1
373,shuming_63_00000393,7,8,light,2301.0,collapse,1,0,CERTIFIED_CIOU_GE_050,NOT_AVAILABLE,NOT_AVAILABLE,NOT_AVAILABLE,NOT_AVAILABLE,NOT_AVAILABLE,NOT_AVAILABLE,NOT_AVAILABLE,0.772091,7.661e-07,-6.116,-14.082,7.7e-07,0.000185,0.772087,10,0.0,0.0,0.969717,0,6,6,0,0,COLLAPSED,SUPPORTED,GT_CLASS_CHANNEL_AT_CERTIFIED_ANCHOR,CONSISTENT_WITH_SCORE_FILTERING,NOT_OBSERVABLE,NOT_OBSERVABLE,NOT_OBSERVABLE,NO_ANY_GE_050,SUPPORTED_SCORE_FILTERING,1
373,shuming_63_00000393,8,8,light,2970.0,collapse,1,0,CERTIFIED_CIOU_GE_050,NOT_AVAILABLE,NOT_AVAILABLE,NOT_AVAILABLE,NOT_AVAILABLE,NOT_AVAILABLE,NOT_AVAILABLE,NOT_AVAILABLE,0.707484,2.0702e-06,-5.684,-12.7697,2.85e-06,5.5e-05,0.707471,10,0.0,0.0,0.969717,0,6,6,0,0,COLLAPSED,SUPPORTED,GT_CLASS_CHANNEL_AT_CERTIFIED_ANCHOR,CONSISTENT_WITH_SCORE_FILTERING,NOT_OBSERVABLE,NOT_OBSERVABLE,NOT_OBSERVABLE,NO_ANY_GE_050,SUPPORTED_SCORE_FILTERING,1
373,shuming_63_00000393,9,8,light,2624.0,collapse,1,0,CERTIFIED_CIOU_GE_050,NOT_AVAILABLE,NOT_AVAILABLE,NOT_AVAILABLE,NOT_AVAILABLE,NOT_AVAILABLE,NOT_AVAILABLE,NOT_AVAILABLE,0.938255,1.2499e-06,-5.903,-13.5075,1.36e-06,0.000763,0.938254,10,0.0,0.0,0.969717,0,6,6,0,0,COLLAPSED,SUPPORTED,GT_CLASS_CHANNEL_AT_CERTIFIED_ANCHOR,CONSISTENT_WITH_SCORE_FILTERING,NOT_OBSERVABLE,NOT_OBSERVABLE,NOT_OBSERVABLE,NO_ANY_GE_050,SUPPORTED_SCORE_FILTERING,1
388,shuming_783_00000248,2,3,seat,7622.0,collapse,1,0,CERTIFIED_CIOU_GE_050,NOT_AVAILABLE,NOT_AVAILABLE,NOT_AVAILABLE,NOT_AVAILABLE,NOT_AVAILABLE,NOT_AVAILABLE,NOT_AVAILABLE,0.754507,7.245e-07,-6.14,-16.1866,9e-08,7.6e-05,0.754497,10,0.0,0.0,0.94218,0,7,7,0,0,COLLAPSED,SUPPORTED,GT_CLASS_CHANNEL_AT_CERTIFIED_ANCHOR,CONSISTENT_WITH_SCORE_FILTERING,NOT_OBSERVABLE,NOT_OBSERVABLE,NOT_OBSERVABLE,NO_ANY_GE_050,SUPPORTED_SCORE_FILTERING,1
395,shuming_85_00000273,4,8,light,1560.0,collapse,1,0,CERTIFIED_CIOU_GE_050,NOT_AVAILABLE,NOT_AVAILABLE,NOT_AVAILABLE,NOT_AVAILABLE,NOT_AVAILABLE,NOT_AVAILABLE,NOT_AVAILABLE,0.648559,1.9996e-06,-5.699,-13.1225,2e-06,8.4e-05,0.648552,10,0.0,0.0,0.964216,0,3,3,0,0,COLLAPSED,SUPPORTED,GT_CLASS_CHANNEL_AT_CERTIFIED_ANCHOR,CONSISTENT_WITH_SCORE_FILTERING,NOT_OBSERVABLE,NOT_OBSERVABLE,NOT_OBSERVABLE,NO_ANY_GE_050,SUPPORTED_SCORE_FILTERING,1
