epoch,role,n,T1_W0h0,T2_W0ht,T3_Wth0,T4_Wtht,logit,T2_minus_T1,T3_minus_T1,T4_minus_T1
0,G86,86,-0.5136,-0.5136,-0.5136,-0.5136,-10.2559,0.0,0.0,0.0
0,CONTROL,1070,-0.3281,-0.3281,-0.3281,-0.3281,-10.0606,0.0,0.0,0.0
0,MISSED_NON86,164,-0.356,-0.356,-0.356,-0.356,-10.0693,0.0,0.0,0.0
1,G86,86,-0.5136,-0.7305,-1.093,-1.385,-11.1581,-0.2035,-0.6065,-0.7505
1,CONTROL,1070,-0.3281,-0.2633,-0.997,-1.0099,-10.8008,0.0035,-0.6262,-0.6798
1,MISSED_NON86,164,-0.356,-0.3972,-0.959,-1.0991,-10.8989,-0.1453,-0.6205,-0.8384
2,G86,86,-0.5136,-0.4952,-1.6645,-1.7689,-11.5204,-0.1055,-1.163,-1.295
2,CONTROL,1070,-0.3281,-0.1546,-1.5726,-1.2973,-11.0644,0.1336,-1.2068,-0.9425
2,MISSED_NON86,164,-0.356,-0.1853,-1.5929,-1.3706,-11.2008,0.0463,-1.2151,-1.177
5,G86,86,-0.5136,-0.6037,-3.0964,-3.3567,-13.1519,-0.0161,-2.4658,-2.6026
5,CONTROL,1070,-0.3281,-0.0163,-2.9033,-2.7029,-12.4556,0.3403,-2.541,-2.2375
5,MISSED_NON86,164,-0.356,-0.3269,-2.8847,-3.1176,-12.8722,0.1438,-2.4807,-2.3553
10,G86,86,-0.5136,-0.6092,-3.9226,-4.3664,-14.0695,-0.0568,-3.1733,-3.7681
10,CONTROL,1070,-0.3281,-0.2222,-3.6837,-3.9515,-13.7592,0.0836,-3.2574,-3.5011
10,MISSED_NON86,164,-0.356,-0.3936,-3.6841,-4.1163,-13.882,0.0273,-3.1686,-3.6067
20,G86,86,-0.5136,-0.4735,-4.722,-5.1374,-14.8853,0.0474,-3.9762,-4.5877
20,CONTROL,1070,-0.3281,0.0097,-4.4987,-4.4508,-14.2171,0.2729,-3.9653,-4.0688
20,MISSED_NON86,164,-0.356,-0.2273,-4.523,-4.6973,-14.4349,0.2607,-3.8957,-4.3353
30,G86,86,-0.5136,-0.3769,-5.2857,-5.4964,-15.2927,0.2588,-4.5414,-4.8095
30,CONTROL,1070,-0.3281,0.3534,-5.0821,-4.9687,-14.7373,0.4901,-4.5254,-4.4616
30,MISSED_NON86,164,-0.356,-0.0624,-4.994,-5.2904,-15.0498,0.328,-4.4693,-4.6872
50,G86,86,-0.5136,-0.1261,-5.9778,-6.3549,-16.1352,0.4106,-5.2962,-5.5963
50,CONTROL,1070,-0.3281,0.5745,-5.7974,-5.3914,-15.1637,0.7662,-5.2077,-4.9813
50,MISSED_NON86,164,-0.356,-0.0277,-5.6357,-6.149,-15.9114,0.3412,-5.1604,-5.6635
75,G86,86,-0.5136,-0.3589,-6.5576,-7.0433,-16.8236,-0.0192,-5.8879,-6.5053
75,CONTROL,1070,-0.3281,0.508,-6.3907,-6.0764,-15.8263,0.6988,-5.8443,-5.8352
75,MISSED_NON86,164,-0.356,0.0784,-6.215,-6.4405,-16.1917,0.3638,-5.751,-6.106
100,G86,86,-0.5136,-0.6822,-6.875,-7.8758,-17.6577,-0.1369,-6.2436,-7.2197
100,CONTROL,1070,-0.3281,0.3336,-6.7926,-6.7799,-16.571,0.4505,-6.2541,-6.5335
100,MISSED_NON86,164,-0.356,0.0141,-6.5891,-7.2278,-17.0483,0.1909,-6.1263,-7.0482
125,G86,86,-0.5136,-0.269,-7.1684,-7.5663,-17.2703,0.051,-6.4812,-7.2599
125,CONTROL,1070,-0.3281,0.5691,-7.0677,-6.8445,-16.6626,0.679,-6.524,-6.6642
125,MISSED_NON86,164,-0.356,0.2758,-6.9235,-7.4022,-17.1598,0.295,-6.4351,-7.355
150,G86,86,-0.5136,-0.5694,-7.3996,-7.8699,-17.5741,-0.1809,-6.6934,-7.6071
150,CONTROL,1070,-0.3281,0.418,-7.2728,-7.2646,-17.0292,0.5464,-6.7434,-7.1042
150,MISSED_NON86,164,-0.356,0.2005,-7.1172,-7.6374,-17.4326,0.0443,-6.6473,-7.8333
175,G86,86,-0.5136,-0.4701,-7.5308,-7.8919,-17.7627,-0.1678,-6.7869,-7.892
175,CONTROL,1070,-0.3281,0.3465,-7.4217,-7.4893,-17.2291,0.434,-6.9023,-7.3696
175,MISSED_NON86,164,-0.356,0.0965,-7.2712,-7.9489,-17.7829,0.0444,-6.8169,-7.9738
200,G86,86,-0.5136,-0.4854,-7.6084,-8.197,-17.9974,-0.014,-6.874,-7.9032
200,CONTROL,1070,-0.3281,0.3786,-7.5157,-7.6098,-17.3711,0.54,-7.0002,-7.4516
200,MISSED_NON86,164,-0.356,0.0625,-7.3643,-8.0847,-17.8047,0.049,-6.9095,-8.3686
225,G86,86,-0.5136,-0.286,-7.6662,-8.1691,-17.9738,-0.1704,-6.9116,-8.1301
225,CONTROL,1070,-0.3281,0.3675,-7.5711,-7.6541,-17.4305,0.4634,-7.063,-7.5509
225,MISSED_NON86,164,-0.356,0.0626,-7.4241,-7.9249,-17.6512,0.2262,-6.9644,-8.2631
250,G86,86,-0.5136,-0.4192,-7.6898,-8.3818,-18.0927,-0.253,-6.9343,-8.217
250,CONTROL,1070,-0.3281,0.2919,-7.5937,-7.7101,-17.5066,0.476,-7.0864,-7.6307
250,MISSED_NON86,164,-0.356,-0.0478,-7.4654,-8.2751,-18.0698,-0.0018,-7.0141,-8.3382
275,G86,86,-0.5136,-0.259,-7.6971,-8.3513,-18.0776,-0.0867,-6.9469,-8.0551
275,CONTROL,1070,-0.3281,0.2983,-7.604,-7.7514,-17.5158,0.4753,-7.0993,-7.6574
275,MISSED_NON86,164,-0.356,-0.039,-7.4748,-8.2025,-17.9553,-0.0336,-7.0233,-8.3886
289,G86,86,-0.5136,-0.4285,-7.7015,-8.4391,-18.161,-0.1825,-6.9484,-8.2438
289,CONTROL,1070,-0.3281,0.3592,-7.6052,-7.7318,-17.5173,0.515,-7.1008,-7.691
289,MISSED_NON86,164,-0.356,0.0566,-7.4757,-8.2651,-18.0308,-0.0251,-7.023,-8.3127
