epoch,role,n,W_norm_median,dWW0_median,cos_WW0_median
0,G86,86,0.5901,0.0,1.0
0,CONTROL,1070,0.5856,0.0,1.0
0,MISSED_NON86,164,0.5946,0.0,1.0
1,G86,86,0.5921,0.0381,0.99799
1,CONTROL,1070,0.587,0.0381,0.99796
1,MISSED_NON86,164,0.5964,0.0381,0.99801
2,G86,86,0.5941,0.0773,0.99162
2,CONTROL,1070,0.5886,0.0805,0.99112
2,MISSED_NON86,164,0.5941,0.0805,0.99112
5,G86,86,0.5982,0.1605,0.96202
5,CONTROL,1070,0.5974,0.1704,0.96039
5,MISSED_NON86,164,0.5982,0.1722,0.95902
10,G86,86,0.6158,0.2149,0.93182
10,CONTROL,1070,0.61,0.2236,0.93164
10,MISSED_NON86,164,0.6158,0.2262,0.93146
20,G86,86,0.6402,0.2718,0.89934
20,CONTROL,1070,0.6303,0.2799,0.89934
20,MISSED_NON86,164,0.6538,0.2875,0.89934
30,G86,86,0.6577,0.3094,0.87754
30,CONTROL,1070,0.6494,0.3213,0.87754
30,MISSED_NON86,164,0.668,0.3292,0.87754
50,G86,86,0.6807,0.3616,0.84427
50,CONTROL,1070,0.6876,0.3759,0.84427
50,MISSED_NON86,164,0.6897,0.3903,0.84427
75,G86,86,0.7012,0.4062,0.8158
75,CONTROL,1070,0.7127,0.4196,0.8158
75,MISSED_NON86,164,0.7127,0.433,0.8158
100,G86,86,0.7141,0.437,0.7987
100,CONTROL,1070,0.7296,0.4483,0.7987
100,MISSED_NON86,164,0.7324,0.4597,0.7987
125,G86,86,0.7271,0.4546,0.78547
125,CONTROL,1070,0.7389,0.4659,0.78547
125,MISSED_NON86,164,0.7434,0.4771,0.78547
150,G86,86,0.7383,0.4695,0.77686
150,CONTROL,1070,0.7453,0.4795,0.77686
150,MISSED_NON86,164,0.7524,0.4896,0.77686
175,G86,86,0.7444,0.4799,0.77093
175,CONTROL,1070,0.7513,0.4899,0.77093
175,MISSED_NON86,164,0.7581,0.4999,0.77093
200,G86,86,0.7494,0.4876,0.76784
200,CONTROL,1070,0.7556,0.4971,0.76784
200,MISSED_NON86,164,0.7618,0.5065,0.76784
225,G86,86,0.7511,0.4921,0.76577
225,CONTROL,1070,0.7575,0.5011,0.76577
225,MISSED_NON86,164,0.7639,0.5101,0.76577
250,G86,86,0.7515,0.4936,0.76444
250,CONTROL,1070,0.7579,0.5026,0.76444
250,MISSED_NON86,164,0.7643,0.5116,0.76444
275,G86,86,0.7521,0.4943,0.76412
275,CONTROL,1070,0.7584,0.5032,0.76412
275,MISSED_NON86,164,0.7647,0.5121,0.76412
289,G86,86,0.7522,0.4945,0.76405
289,CONTROL,1070,0.7584,0.5034,0.76405
289,MISSED_NON86,164,0.7646,0.5123,0.76405
