epoch,role,n,h_norm_median,dhh0_median,cos_hh0_median
0,G86,86,22.491,0.0,1.0
0,CONTROL,1070,25.9172,0.0,1.0
0,MISSED_NON86,164,25.3654,0.0,1.0
1,G86,86,25.6533,20.1769,0.71936
1,CONTROL,1070,27.3242,21.5873,0.74835
1,MISSED_NON86,164,26.368,21.0869,0.74932
2,G86,86,25.1933,16.976,0.77127
2,CONTROL,1070,27.021,20.5,0.79178
2,MISSED_NON86,164,26.5818,19.1123,0.80658
5,G86,86,26.6179,20.0912,0.69687
5,CONTROL,1070,28.5423,24.9336,0.69276
5,MISSED_NON86,164,28.0547,22.9589,0.70204
10,G86,86,27.6054,22.6166,0.61736
10,CONTROL,1070,28.9817,26.6015,0.61814
10,MISSED_NON86,164,28.8592,25.5289,0.61325
20,G86,86,27.4218,23.681,0.63436
20,CONTROL,1070,28.4735,25.7413,0.64193
20,MISSED_NON86,164,27.597,23.7866,0.65357
30,G86,86,27.7438,23.1925,0.63663
30,CONTROL,1070,30.357,26.9397,0.62561
30,MISSED_NON86,164,29.7317,25.845,0.64063
50,G86,86,26.9874,22.538,0.6369
50,CONTROL,1070,29.6454,26.4659,0.6389
50,MISSED_NON86,164,29.0958,26.2289,0.63783
75,G86,86,28.3298,24.6508,0.58011
75,CONTROL,1070,29.9192,27.5271,0.59148
75,MISSED_NON86,164,29.0869,27.0541,0.58603
100,G86,86,28.8855,25.1621,0.56677
100,CONTROL,1070,29.3076,27.6122,0.5845
100,MISSED_NON86,164,28.8289,27.3122,0.58489
125,G86,86,27.7409,24.2309,0.58446
125,CONTROL,1070,29.2724,28.2015,0.58593
125,MISSED_NON86,164,28.2466,27.3938,0.56944
150,G86,86,27.3822,24.1887,0.55519
150,CONTROL,1070,29.3746,27.2706,0.58304
150,MISSED_NON86,164,28.8397,26.9921,0.55721
175,G86,86,27.6215,24.5324,0.55409
175,CONTROL,1070,29.3222,27.8867,0.57349
175,MISSED_NON86,164,28.579,27.2116,0.55434
200,G86,86,27.3335,24.858,0.5676
200,CONTROL,1070,29.2122,27.3722,0.58021
200,MISSED_NON86,164,28.3825,26.7051,0.56518
225,G86,86,27.815,24.4306,0.56004
225,CONTROL,1070,29.1292,27.6988,0.57474
225,MISSED_NON86,164,28.4436,27.204,0.54737
250,G86,86,27.2232,24.4719,0.56565
250,CONTROL,1070,29.0885,27.5801,0.57674
250,MISSED_NON86,164,28.7372,27.327,0.55565
275,G86,86,27.0127,23.8043,0.56715
275,CONTROL,1070,28.9483,27.5927,0.57805
275,MISSED_NON86,164,28.2042,27.0003,0.56238
289,G86,86,27.2963,23.7852,0.55731
289,CONTROL,1070,28.9289,27.5386,0.57894
289,MISSED_NON86,164,28.6612,27.1373,0.56118
