epoch,d_logit,d_feature,d_h_norm,d_cosH,d_W_norm,d_cosW
0,-0.1953,-0.1855,-3.4262,-0.0,0.0045,0.0
1,-0.3573,-0.3751,-1.671,-0.02898,0.0051,2e-05
2,-0.456,-0.4715,-1.8278,-0.02052,0.0055,0.00049
5,-0.6963,-0.6538,-1.9244,0.0041,0.0008,0.00162
10,-0.3103,-0.4149,-1.3763,-0.00078,0.0057,0.00018
20,-0.6682,-0.6866,-1.0517,-0.00757,0.0099,0.0
30,-0.5555,-0.5277,-2.6132,0.01102,0.0082,0.0
50,-0.9715,-0.9636,-2.658,-0.00201,-0.0069,0.0
75,-0.9974,-0.9669,-1.5894,-0.01137,-0.0115,0.0
100,-1.0867,-1.0959,-0.4222,-0.01773,-0.0156,0.0
125,-0.6077,-0.7218,-1.5315,-0.00147,-0.0118,0.0
150,-0.5448,-0.6053,-1.9925,-0.02785,-0.0071,0.0
175,-0.5336,-0.4026,-1.7006,-0.0194,-0.0069,0.0
200,-0.6263,-0.5872,-1.8788,-0.01261,-0.0062,0.0
225,-0.5433,-0.5151,-1.3142,-0.0147,-0.0064,0.0
250,-0.5862,-0.6717,-1.8654,-0.01109,-0.0064,0.0
275,-0.5618,-0.5999,-1.9356,-0.0109,-0.0063,0.0
289,-0.6438,-0.7073,-1.6326,-0.02164,-0.0062,0.0
