epoch,key,raw_align_pos_max,raw_align_pool_max,cls_pos_max,cls_center_max,ciou_pos_max,logit
0,000002_083_00000169#0,0.00013964701793156564,0.00013964701793156564,5.14973862664192e-06,3.755308853214956e-06,0.6646640300750732,-15.78154302400742
0,000002_083_00000169#1,2.646569919306785e-05,2.646569919306785e-05,9.207072935168981e-07,3.806052291110973e-07,0.6654018759727478,-15.955200620578196
0,000002_083_00000169#2,0.5216126441955566,0.5216126441955566,0.6983312964439392,0.6983312964439392,0.943697988986969,-0.19592902775701937
0,000006_011_00000409#8,0.4184876084327698,0.4184876084327698,0.7625165581703186,0.7625165581703186,0.8907457590103149,-1.1946810593425532
0,000006_011_00000409#10,0.0005767694674432278,0.0005767694674432278,4.820868070964934e-06,7.633942732354626e-05,0.824390709400177,-13.003088886227317
0,000012_008_00000163#3,0.5014949440956116,0.5014949440956116,0.9236904978752136,0.9236904978752136,0.8991043567657471,-5.4780755465022395
0,000012_008_00000163#4,0.18877476453781128,0.18877476453781128,0.8887076377868652,0.8887076377868652,0.7690871953964233,-11.982387495491121
0,000012_008_00000163#5,0.6235227584838867,0.6235227584838867,0.8765358924865723,0.8765358924865723,0.9469513893127441,1.3439136041952295
0,000012_008_00000163#6,0.5811726450920105,0.5811726450920105,0.939513087272644,0.939513087272644,0.9304357171058655,-1.4249372875937105
0,000012_008_00000163#8,0.08132055401802063,0.08132055401802063,0.8840568661689758,0.8804706931114197,0.6666463613510132,-7.894686920409562
0,000012_008_00000163#10,0.07245636731386185,0.07245636731386185,0.6520053744316101,0.6520053744316101,0.7038723230361938,0.20315136358344077
0,000012_008_00000163#11,0.12245950102806091,0.12245950102806091,0.8265296220779419,0.8265296220779419,0.7261577248573303,1.1552763378389486
0,000012_008_00000163#12,0.008532187901437283,0.008532187901437283,0.0683537945151329,0.030407199636101723,0.6896964311599731,-5.83602813876697
0,000012_008_00000163#13,1.5161776900640689e-05,1.5161776900640689e-05,8.325157068611588e-06,8.325157068611588e-06,0.5402803421020508,-18.000623367191846
0,000012_008_00000163#14,1.1962839380430523e-05,1.1962839380430523e-05,4.4261109906074125e-06,1.0771123015729245e-05,0.5191617012023926,-16.558631221305696
0,000012_019_00000151#1,0.1391039788722992,0.1391039788722992,0.9367116689682007,0.9352075457572937,0.7267796993255615,2.306790459248333
0,000012_019_00000151#2,0.02580680139362812,0.02580680139362812,0.8566714525222778,0.8536479473114014,0.7530090808868408,-2.7056871357273877
0,000012_019_00000151#4,1.2725482520181686e-05,1.2725482520181686e-05,2.633301932064569e-08,2.633301932064569e-08,0.7577365040779114,-18.77303794611864
0,000012_019_00000151#5,4.067877398483688e-06,4.067877398483688e-06,2.47792675267533e-09,2.47792675267533e-09,0.8275084495544434,-23.21965581972824
0,000012_022_00000090#0,2.9633363737957552e-05,2.9633363737957552e-05,2.908225269493414e-07,1.2805298865714576e-06,0.7747447490692139,-17.968700343356645
0,000012_022_00000090#1,2.1999005184625275e-05,2.1999005184625275e-05,9.592579175432547e-08,1.4658971849712543e-06,0.6637281775474548,-19.320772543163898
0,000012_025_00000313#1,0.024195365607738495,0.024195365607738495,0.00786538328975439,0.00786538328975439,0.8068614602088928,-7.450032840937681
0,000012_025_00000313#2,0.06812621653079987,0.06812621653079987,0.028272870928049088,0.028272870928049088,0.8728324174880981,-5.052215010903552
0,000012_025_00000313#3,3.21293409797363e-05,3.21293409797363e-05,7.235569796648633e-07,7.235569796648633e-07,0.6608623266220093,-17.089189250644857
0,000012_025_00000313#4,0.07204093784093857,0.07204093784093857,0.09978844970464706,0.09978844970464706,0.8066325187683105,-6.078448672757985
0,000012_025_00000313#5,1.5952426792864571e-06,1.5952426792864571e-06,1.1881243011657716e-07,1.1881243011657716e-07,0.4863241910934448,-19.23461691584214
0,000012_025_00000313#6,6.819134432589635e-05,6.819134432589635e-05,6.563973897755204e-07,1.098567622648261e-06,0.7439929842948914,-16.52156517743149
1,000002_083_00000169#0,0.00018866683240048587,0.00018866683240048587,1.1499092579470016e-05,7.3237906690337695e-06,0.6646640300750732,-14.979739095861538
1,000002_083_00000169#1,3.83737642550841e-05,3.83737642550841e-05,1.1856583341796068e-06,7.029098583188897e-07,0.6654018759727478,-15.333171211959776
1,000002_083_00000169#2,0.5216126441955566,0.5216126441955566,0.6983312964439392,0.6983312964439392,0.943697988986969,-0.20405179622466285
1,000006_011_00000409#8,0.4184876084327698,0.4184876084327698,0.7625165581703186,0.7625165581703186,0.8907457590103149,-2.352003248748577
1,000006_011_00000409#10,0.00042060279520228505,0.00042060279520228505,2.5636868485889863e-06,7.633942732354626e-05,0.824390709400177,-13.733777784171556
1,000012_008_00000163#3,0.5014949440956116,0.5014949440956116,0.9236904978752136,0.9236904978752136,0.8991043567657471,-5.205529907637168
1,000012_008_00000163#4,0.18877476453781128,0.18877476453781128,0.8887076377868652,0.8887076377868652,0.7690871953964233,-11.96010268812681
1,000012_008_00000163#5,0.6035167574882507,0.6035167574882507,0.8765358924865723,0.8765358924865723,0.9619445204734802,1.058979508719034
1,000012_008_00000163#6,0.5811726450920105,0.5811726450920105,0.939513087272644,0.939513087272644,0.9304357171058655,-1.5321308234770044
1,000012_008_00000163#8,0.08132055401802063,0.08132055401802063,0.8840568661689758,0.8804706931114197,0.6666463613510132,-7.896440277956555
1,000012_008_00000163#10,0.06140551716089249,0.06140551716089249,0.4989539384841919,0.4989539384841919,0.7038723230361938,-0.30540014777199076
1,000012_008_00000163#11,0.11055435240268707,0.11055435240268707,0.7899593710899353,0.7899593710899353,0.7261577248573303,0.4864468541056475
1,000012_008_00000163#12,0.004974648356437683,0.004974648356437683,0.0683537945151329,0.030407199636101723,0.6896964311599731,-6.9404949218786705
1,000012_008_00000163#13,5.3330873015511315e-06,5.3330873015511315e-06,8.325157068611588e-06,8.325157068611588e-06,0.5402803421020508,-20.246998278671313
1,000012_008_00000163#14,5.215125838731183e-06,5.215125838731183e-06,4.4261109906074125e-06,1.0771123015729245e-05,0.5191617012023926,-18.60471747538198
1,000012_019_00000151#1,0.1391039788722992,0.1391039788722992,0.9367116689682007,0.9352075457572937,0.7267796993255615,1.7935370273139544
1,000012_019_00000151#2,0.021543124690651894,0.021543124690651894,0.8566714525222778,0.8536479473114014,0.7530090808868408,-3.287496119806205
1,000012_019_00000151#4,8.290940968436189e-06,8.290940968436189e-06,1.2031991403205211e-08,2.2751022399347676e-08,0.7577365040779114,-19.730067346126237
1,000012_019_00000151#5,3.9874048525234684e-06,3.9874048525234684e-06,2.47792675267533e-09,2.47792675267533e-09,0.8275084495544434,-24.956860395169404
1,000012_022_00000090#0,2.2558881028089672e-05,2.2558881028089672e-05,1.477764897117595e-07,1.2805298865714576e-06,0.7747447490692139,-18.88630653246955
1,000012_022_00000090#1,1.917446388688404e-05,1.917446388688404e-05,5.071390063449144e-08,1.4658971849712543e-06,0.6637281775474548,-20.35678237318353
1,000012_025_00000313#1,0.01904381811618805,0.01904381811618805,0.006173823494464159,0.006173823494464159,0.8068614602088928,-7.414817011882451
1,000012_025_00000313#2,0.057258784770965576,0.057258784770965576,0.019972188398241997,0.019972188398241997,0.8728324174880981,-5.268392261271877
1,000012_025_00000313#3,1.6644018614897504e-05,1.6644018614897504e-05,7.235569796648633e-07,7.235569796648633e-07,0.6608623266220093,-18.570632260879844
1,000012_025_00000313#4,0.07204093784093857,0.07204093784093857,0.09978844970464706,0.09978844970464706,0.8066325187683105,-7.434619227493062
1,000012_025_00000313#5,1.6133143390106852e-06,1.6133143390106852e-06,1.1881243011657716e-07,1.1881243011657716e-07,0.4863241910934448,-19.831674960975967
1,000012_025_00000313#6,5.203584805713035e-05,5.203584805713035e-05,6.563973897755204e-07,1.098567622648261e-06,0.7439929842948914,-17.420911588402838
1,000002_083_00000169#0,0.00018866683240048587,0.00018866683240048587,1.1499092579470016e-05,7.3237906690337695e-06,0.6646640300750732,-14.979739095861538
1,000002_083_00000169#1,3.83737642550841e-05,3.83737642550841e-05,1.1856583341796068e-06,7.029098583188897e-07,0.6654018759727478,-15.333171211959776
1,000002_083_00000169#2,0.5216126441955566,0.5216126441955566,0.6983312964439392,0.6983312964439392,0.943697988986969,-0.20405179622466285
1,000006_011_00000409#8,0.4184876084327698,0.4184876084327698,0.7625165581703186,0.7625165581703186,0.8907457590103149,-2.352003248748577
1,000006_011_00000409#10,0.00042060279520228505,0.00042060279520228505,2.5636868485889863e-06,7.633942732354626e-05,0.824390709400177,-13.733777784171556
1,000012_008_00000163#3,0.5014949440956116,0.5014949440956116,0.9236904978752136,0.9236904978752136,0.8991043567657471,-5.205529907637168
1,000012_008_00000163#4,0.18877476453781128,0.18877476453781128,0.8887076377868652,0.8887076377868652,0.7690871953964233,-11.96010268812681
1,000012_008_00000163#5,0.6035167574882507,0.6035167574882507,0.8765358924865723,0.8765358924865723,0.9619445204734802,1.058979508719034
1,000012_008_00000163#6,0.5811726450920105,0.5811726450920105,0.939513087272644,0.939513087272644,0.9304357171058655,-1.5321308234770044
1,000012_008_00000163#8,0.08132055401802063,0.08132055401802063,0.8840568661689758,0.8804706931114197,0.6666463613510132,-7.896440277956555
1,000012_008_00000163#10,0.06140551716089249,0.06140551716089249,0.4989539384841919,0.4989539384841919,0.7038723230361938,-0.30540014777199076
1,000012_008_00000163#11,0.11055435240268707,0.11055435240268707,0.7899593710899353,0.7899593710899353,0.7261577248573303,0.4864468541056475
1,000012_008_00000163#12,0.004974648356437683,0.004974648356437683,0.0683537945151329,0.030407199636101723,0.6896964311599731,-6.9404949218786705
1,000012_008_00000163#13,5.3330873015511315e-06,5.3330873015511315e-06,8.325157068611588e-06,8.325157068611588e-06,0.5402803421020508,-20.246998278671313
1,000012_008_00000163#14,5.215125838731183e-06,5.215125838731183e-06,4.4261109906074125e-06,1.0771123015729245e-05,0.5191617012023926,-18.60471747538198
1,000012_019_00000151#1,0.1391039788722992,0.1391039788722992,0.9367116689682007,0.9352075457572937,0.7267796993255615,1.7935370273139544
1,000012_019_00000151#2,0.021543124690651894,0.021543124690651894,0.8566714525222778,0.8536479473114014,0.7530090808868408,-3.287496119806205
1,000012_019_00000151#4,8.290940968436189e-06,8.290940968436189e-06,1.2031991403205211e-08,2.2751022399347676e-08,0.7577365040779114,-19.730067346126237
1,000012_019_00000151#5,3.9874048525234684e-06,3.9874048525234684e-06,2.47792675267533e-09,2.47792675267533e-09,0.8275084495544434,-24.956860395169404
1,000012_022_00000090#0,2.2558881028089672e-05,2.2558881028089672e-05,1.477764897117595e-07,1.2805298865714576e-06,0.7747447490692139,-18.88630653246955
1,000012_022_00000090#1,1.917446388688404e-05,1.917446388688404e-05,5.071390063449144e-08,1.4658971849712543e-06,0.6637281775474548,-20.35678237318353
1,000012_025_00000313#1,0.01904381811618805,0.01904381811618805,0.006173823494464159,0.006173823494464159,0.8068614602088928,-7.414817011882451
1,000012_025_00000313#2,0.057258784770965576,0.057258784770965576,0.019972188398241997,0.019972188398241997,0.8728324174880981,-5.268392261271877
1,000012_025_00000313#3,1.6644018614897504e-05,1.6644018614897504e-05,7.235569796648633e-07,7.235569796648633e-07,0.6608623266220093,-18.570632260879844
1,000012_025_00000313#4,0.07204093784093857,0.07204093784093857,0.09978844970464706,0.09978844970464706,0.8066325187683105,-7.434619227493062
1,000012_025_00000313#5,1.6133143390106852e-06,1.6133143390106852e-06,1.1881243011657716e-07,1.1881243011657716e-07,0.4863241910934448,-19.831674960975967
1,000012_025_00000313#6,5.203584805713035e-05,5.203584805713035e-05,6.563973897755204e-07,1.098567622648261e-06,0.7439929842948914,-17.420911588402838
