epoch,role,field,n,median,mean,p25,p75
0,CONTROL,logit,14,-2.065312211660549,-3.0595674664561536,-5.7465399907007875,0.10338126574832573
0,CONTROL,cls_pos_max,14,0.8416005373001099,0.6744060763823134,0.6635868549346924,0.8875449448823929
0,CONTROL,cls_center_max,14,0.8400887846946716,0.6711160480710012,0.6635868549346924,0.8866484016180038
0,CONTROL,ciou_pos_max,14,0.7878598570823669,0.8089749259608132,0.7263132184743881,0.897014707326889
0,CONTROL,raw_align_pos_max,14,0.13078173995018005,0.24463656498119235,0.07214479520916939,0.4807431101799011
0,CONTROL,p3_norm,14,7.087848663330078,7.2295964785984586,6.827302694320679,7.693446636199951
0,CONTROL,h_norm,14,48.76984786987305,49.44510841369629,47.2766695022583,52.21603012084961
0,CONTROL,mask_pos_membership_rate,14,1.0,1.0,nan,nan
0,CONTROL,topk_membership_rate,14,1.0,1.0,nan,nan
0,G86,logit,11,-17.089189250644857,-17.472000745432204,-18.386830656655242,-16.238382899004844
0,G86,cls_pos_max,11,7.235569796648633e-07,2.3125541531418294e-06,1.9337415935183344e-07,4.623489530786173e-06
0,G86,cls_center_max,11,1.2805298865714576e-06,9.469907646376573e-06,5.520811043879803e-07,6.040232960913272e-06
0,G86,ciou_pos_max,11,0.6654018759727478,0.6947701681743969,0.6622952520847321,0.7662406265735626
0,G86,raw_align_pos_max,11,2.646569919306785e-05,8.534120136325576e-05,1.3943629710411187e-05,5.0160342652816325e-05
0,G86,p3_norm,11,6.176661491394043,6.422017834403298,6.050933122634888,6.684664249420166
0,G86,h_norm,11,40.926368713378906,40.682958429509945,33.855953216552734,45.5549373626709
0,G86,mask_pos_membership_rate,11,1.0,1.0,nan,nan
0,G86,topk_membership_rate,11,1.0,1.0,nan,nan
0,MISSED_NON86,logit,2,-13.34232487838991,-13.34232487838991,-16.288470897116024,-10.396178859663795
0,MISSED_NON86,cls_pos_max,2,0.003932751051092254,0.003932751051092254,0.001966434931761185,0.005899067170423322
0,MISSED_NON86,cls_center_max,2,0.003932751051092254,0.003932751051092254,0.001966434931761185,0.005899067170423322
0,MISSED_NON86,ciou_pos_max,2,0.6465928256511688,0.6465928256511688,0.5664585083723068,0.7267271429300308
0,MISSED_NON86,raw_align_pos_max,2,0.01209848042520889,0.01209848042520889,0.0060500378339440886,0.018146923016473693
0,MISSED_NON86,p3_norm,2,6.817892789840698,6.817892789840698,6.575728058815002,7.060057520866394
0,MISSED_NON86,h_norm,2,42.59582710266113,42.59582710266113,38.27415180206299,46.91750240325928
0,MISSED_NON86,mask_pos_membership_rate,2,1.0,1.0,nan,nan
0,MISSED_NON86,topk_membership_rate,2,1.0,1.0,nan,nan
1,CONTROL,logit,28,-2.819749684277391,-3.5034070021609964,-6.9404949218786705,-0.20405179622466285
1,CONTROL,cls_pos_max,28,0.8233154118061066,0.660268764277654,0.4989539384841919,0.8887076377868652
1,CONTROL,cls_center_max,28,0.8218036592006683,0.6569787359663418,0.4989539384841919,0.8887076377868652
1,CONTROL,ciou_pos_max,28,0.7878598570823669,0.8100458639008659,0.7261577248573303,0.8991043567657471
1,CONTROL,raw_align_pos_max,28,0.12482916563749313,0.24023294728249311,0.06140551716089249,0.5014949440956116
1,CONTROL,p3_norm,28,7.087848663330078,7.2295964785984586,6.806133270263672,7.7169342041015625
1,CONTROL,h_norm,28,48.76984786987305,49.44510841369629,47.0850944519043,52.418033599853516
1,CONTROL,mask_pos_membership_rate,28,1.0,1.0,nan,nan
1,CONTROL,topk_membership_rate,28,1.0,1.0,nan,nan
1,G86,logit,22,-18.60471747538198,-18.43817857657069,-20.117765545535043,-15.855106306070542
1,G86,cls_pos_max,22,7.235569796648633e-07,2.6902418635818295e-06,7.497954790380845e-08,3.960504955102806e-06
1,G86,cls_center_max,22,1.2805298865714576e-06,9.823289868931601e-06,7.080716386553831e-07,8.074815468717134e-06
1,G86,ciou_pos_max,22,0.6654018759727478,0.6947701681743969,0.6615787893533707,0.7704926878213882
1,G86,raw_align_pos_max,22,1.917446388688404e-05,7.098937840055441e-05,6.072550718272396e-06,4.862032710661879e-05
1,G86,p3_norm,22,6.176661491394043,6.422017834403298,6.037559151649475,6.703973770141602
1,G86,h_norm,22,40.926368713378906,40.682958429509945,33.534976959228516,45.9927339553833
1,G86,mask_pos_membership_rate,22,1.0,1.0,nan,nan
1,G86,topk_membership_rate,22,1.0,1.0,nan,nan
1,MISSED_NON86,logit,4,-13.62324598642921,-13.62324598642921,-19.831674960975967,-7.414817011882451
1,MISSED_NON86,cls_pos_max,4,0.003086971153447138,0.003086971153447138,1.1881243011657716e-07,0.006173823494464159
1,MISSED_NON86,cls_center_max,4,0.003086971153447138,0.003086971153447138,1.1881243011657716e-07,0.006173823494464159
1,MISSED_NON86,ciou_pos_max,4,0.6465928256511688,0.6465928256511688,0.4863241910934448,0.8068614602088928
1,MISSED_NON86,raw_align_pos_max,4,0.00952271571526353,0.00952271571526353,1.6133143390106852e-06,0.01904381811618805
1,MISSED_NON86,p3_norm,4,6.817892789840698,6.817892789840698,6.333563327789307,7.30222225189209
1,MISSED_NON86,h_norm,4,42.59582710266113,42.59582710266113,33.952476501464844,51.23917770385742
1,MISSED_NON86,mask_pos_membership_rate,4,1.0,1.0,nan,nan
1,MISSED_NON86,topk_membership_rate,4,1.0,1.0,nan,nan
