cls,cls_name,train_gt,train_share,positive_images,fail86,fail110,fail86_per_1k_trainGT
0,person,4421,0.382373,4421,25,30,5.655
1,boat,107,0.009254,107,0,0,0.0
2,animal,2328,0.201349,2328,16,19,6.873
3,seat,511,0.044197,511,1,5,1.957
4,sign,659,0.056997,659,13,18,19.727
5,bicycle,550,0.04757,550,10,12,18.182
6,car,1283,0.110967,1283,3,5,2.338
7,ball,70,0.006054,70,2,3,28.571
8,light,1211,0.10474,1211,13,15,10.735
9,garbage_can,225,0.01946,225,3,3,13.333
10,uav,174,0.015049,174,0,0,0.0
11,tricycle,23,0.001989,23,0,0,0.0
