image_id,image_stem,gt_id,gt_class,gt_class_name,in_collapse,in_wrong_class,head_n_pos,GT_CLASS_POSITIVE_CONFIRMED,TARGET_PEAK_DERIVED,TARGET_SOURCE,TARGET_GT_ZERO,TARGET_IS_HARD_ONE,TARGET_IS_ALIGNMENT_WEIGHTED,TARGET_NORMALIZER,GT_CLASS_PRED_SIGMOID_AT_PEAK,GRAD_WRT_LOGIT_AT_PEAK,BCE_AT_PEAK_NATS,LOSS_RECEIVES_TARGET,SUPERVISION_STATUS
13,000002_083_00000169,0,4,sign,1,0,10,1,0.665278,DERIVED_FROM_CODE_IDENTITY(tal.py:100-116) + frozen best_assign_iou,1,0,1,"loss.py:526 target_scores_sum = max(target_scores.sum(), 1)",2.004736e-06,-0.665276,8.728,1,SUPERVISION_CONFIRMED
13,000002_083_00000169,1,5,bicycle,1,1,10,1,0.658467,DERIVED_FROM_CODE_IDENTITY(tal.py:100-116) + frozen best_assign_iou,1,0,1,"loss.py:526 target_scores_sum = max(target_scores.sum(), 1)",2.69859e-07,-0.658467,9.96,1,SUPERVISION_CONFIRMED
42,000006_011_00000409,10,2,animal,1,0,10,1,0.872054,DERIVED_FROM_CODE_IDENTITY(tal.py:100-116) + frozen best_assign_iou,1,0,1,"loss.py:526 target_scores_sum = max(target_scores.sum(), 1)",9.382845e-06,-0.872044,10.095,1,SUPERVISION_CONFIRMED
57,000012_008_00000163,13,2,animal,1,0,10,1,0.533444,DERIVED_FROM_CODE_IDENTITY(tal.py:100-116) + frozen best_assign_iou,1,0,1,"loss.py:526 target_scores_sum = max(target_scores.sum(), 1)",3.23821e-06,-0.533441,6.743,1,SUPERVISION_CONFIRMED
57,000012_008_00000163,14,2,animal,1,0,10,1,0.531822,DERIVED_FROM_CODE_IDENTITY(tal.py:100-116) + frozen best_assign_iou,1,0,1,"loss.py:526 target_scores_sum = max(target_scores.sum(), 1)",1.943287e-06,-0.53182,6.994,1,SUPERVISION_CONFIRMED
61,000012_019_00000151,4,0,person,1,0,10,1,0.710937,DERIVED_FROM_CODE_IDENTITY(tal.py:100-116) + frozen best_assign_iou,1,0,1,"loss.py:526 target_scores_sum = max(target_scores.sum(), 1)",7.5085e-08,-0.710937,11.663,1,SUPERVISION_CONFIRMED
61,000012_019_00000151,5,0,person,1,0,10,1,0.831793,DERIVED_FROM_CODE_IDENTITY(tal.py:100-116) + frozen best_assign_iou,1,0,1,"loss.py:526 target_scores_sum = max(target_scores.sum(), 1)",4.144e-09,-0.831793,16.055,1,SUPERVISION_CONFIRMED
62,000012_022_00000090,0,2,animal,1,0,10,1,0.65715,DERIVED_FROM_CODE_IDENTITY(tal.py:100-116) + frozen best_assign_iou,1,0,1,"loss.py:526 target_scores_sum = max(target_scores.sum(), 1)",1.3183e-07,-0.657149,10.41,1,SUPERVISION_CONFIRMED
62,000012_022_00000090,1,2,animal,1,0,10,1,0.698702,DERIVED_FROM_CODE_IDENTITY(tal.py:100-116) + frozen best_assign_iou,1,0,1,"loss.py:526 target_scores_sum = max(target_scores.sum(), 1)",1.41689e-07,-0.698701,11.018,1,SUPERVISION_CONFIRMED
63,000012_025_00000313,3,2,animal,1,0,10,1,0.704611,DERIVED_FROM_CODE_IDENTITY(tal.py:100-116) + frozen best_assign_iou,1,0,1,"loss.py:526 target_scores_sum = max(target_scores.sum(), 1)",1.199044e-06,-0.70461,9.607,1,SUPERVISION_CONFIRMED
63,000012_025_00000313,6,2,animal,1,0,8,1,0.731697,DERIVED_FROM_CODE_IDENTITY(tal.py:100-116) + frozen best_assign_iou,1,0,1,"loss.py:526 target_scores_sum = max(target_scores.sum(), 1)",1.055107e-06,-0.731696,10.07,1,SUPERVISION_CONFIRMED
78,000013_056_00000281,9,2,animal,1,0,10,1,0.717781,DERIVED_FROM_CODE_IDENTITY(tal.py:100-116) + frozen best_assign_iou,1,0,1,"loss.py:526 target_scores_sum = max(target_scores.sum(), 1)",9.781364e-06,-0.717771,8.28,1,SUPERVISION_CONFIRMED
91,000016_044_00000085,1,0,person,1,1,10,1,0.804805,DERIVED_FROM_CODE_IDENTITY(tal.py:100-116) + frozen best_assign_iou,1,0,1,"loss.py:526 target_scores_sum = max(target_scores.sum(), 1)",1.653989e-06,-0.804803,10.714,1,SUPERVISION_CONFIRMED
93,000017_011_00000297,13,9,garbage_can,0,1,10,1,0.809165,DERIVED_FROM_CODE_IDENTITY(tal.py:100-116) + frozen best_assign_iou,1,0,1,"loss.py:526 target_scores_sum = max(target_scores.sum(), 1)",3.4238699e-05,-0.809131,8.32,1,SUPERVISION_CONFIRMED
103,000019_041_00000141,2,7,ball,0,1,10,1,0.903578,DERIVED_FROM_CODE_IDENTITY(tal.py:100-116) + frozen best_assign_iou,1,0,1,"loss.py:526 target_scores_sum = max(target_scores.sum(), 1)",9.5298979e-05,-0.903483,8.366,1,SUPERVISION_CONFIRMED
104,000019_045_00000145,4,0,person,1,1,10,1,0.836799,DERIVED_FROM_CODE_IDENTITY(tal.py:100-116) + frozen best_assign_iou,1,0,1,"loss.py:526 target_scores_sum = max(target_scores.sum(), 1)",4.9239e-08,-0.836799,14.08,1,SUPERVISION_CONFIRMED
104,000019_045_00000145,5,0,person,1,0,10,1,0.753705,DERIVED_FROM_CODE_IDENTITY(tal.py:100-116) + frozen best_assign_iou,1,0,1,"loss.py:526 target_scores_sum = max(target_scores.sum(), 1)",8.74618e-07,-0.753704,10.514,1,SUPERVISION_CONFIRMED
108,000020_018_00000093,3,8,light,1,0,10,1,0.56434,DERIVED_FROM_CODE_IDENTITY(tal.py:100-116) + frozen best_assign_iou,1,0,1,"loss.py:526 target_scores_sum = max(target_scores.sum(), 1)",1.90952e-07,-0.56434,8.731,1,SUPERVISION_CONFIRMED
118,000173,1,4,sign,1,0,10,1,0.940084,DERIVED_FROM_CODE_IDENTITY(tal.py:100-116) + frozen best_assign_iou,1,0,1,"loss.py:526 target_scores_sum = max(target_scores.sum(), 1)",7.0005e-07,-0.940083,13.323,1,SUPERVISION_CONFIRMED
126,000415,17,0,person,1,0,9,1,0.511306,DERIVED_FROM_CODE_IDENTITY(tal.py:100-116) + frozen best_assign_iou,1,0,1,"loss.py:526 target_scores_sum = max(target_scores.sum(), 1)",4.57525e-06,-0.511302,6.286,1,SUPERVISION_CONFIRMED
127,000433,7,2,animal,1,0,10,1,0.686037,DERIVED_FROM_CODE_IDENTITY(tal.py:100-116) + frozen best_assign_iou,1,0,1,"loss.py:526 target_scores_sum = max(target_scores.sum(), 1)",2.55781e-07,-0.686037,10.413,1,SUPERVISION_CONFIRMED
128,000437,2,2,animal,1,0,10,1,0.652857,DERIVED_FROM_CODE_IDENTITY(tal.py:100-116) + frozen best_assign_iou,1,0,1,"loss.py:526 target_scores_sum = max(target_scores.sum(), 1)",2.141251e-06,-0.652855,8.522,1,SUPERVISION_CONFIRMED
144,000738,3,0,person,1,0,10,1,0.546712,DERIVED_FROM_CODE_IDENTITY(tal.py:100-116) + frozen best_assign_iou,1,0,1,"loss.py:526 target_scores_sum = max(target_scores.sum(), 1)",2.661534e-06,-0.54671,7.018,1,SUPERVISION_CONFIRMED
154,000889,13,0,person,0,1,10,1,0.948015,DERIVED_FROM_CODE_IDENTITY(tal.py:100-116) + frozen best_assign_iou,1,0,1,"loss.py:526 target_scores_sum = max(target_scores.sum(), 1)",6.4983098e-05,-0.94795,9.14,1,SUPERVISION_CONFIRMED
154,000889,9,4,sign,1,1,10,1,0.717805,DERIVED_FROM_CODE_IDENTITY(tal.py:100-116) + frozen best_assign_iou,1,0,1,"loss.py:526 target_scores_sum = max(target_scores.sum(), 1)",4.078e-09,-0.717805,13.866,1,SUPERVISION_CONFIRMED
156,000943,4,0,person,1,0,6,1,0.722054,DERIVED_FROM_CODE_IDENTITY(tal.py:100-116) + frozen best_assign_iou,1,0,1,"loss.py:526 target_scores_sum = max(target_scores.sum(), 1)",2.79016e-07,-0.722054,10.897,1,SUPERVISION_CONFIRMED
158,001033,2,4,sign,0,1,10,1,0.82621,DERIVED_FROM_CODE_IDENTITY(tal.py:100-116) + frozen best_assign_iou,1,0,1,"loss.py:526 target_scores_sum = max(target_scores.sum(), 1)",1.1208921e-05,-0.826199,9.418,1,SUPERVISION_CONFIRMED
158,001033,9,5,bicycle,0,1,10,1,0.740317,DERIVED_FROM_CODE_IDENTITY(tal.py:100-116) + frozen best_assign_iou,1,0,1,"loss.py:526 target_scores_sum = max(target_scores.sum(), 1)",3.4156485e-05,-0.740282,7.614,1,SUPERVISION_CONFIRMED
159,001035,7,4,sign,0,1,10,1,0.831276,DERIVED_FROM_CODE_IDENTITY(tal.py:100-116) + frozen best_assign_iou,1,0,1,"loss.py:526 target_scores_sum = max(target_scores.sum(), 1)",7.1712195e-05,-0.831205,7.933,1,SUPERVISION_CONFIRMED
159,001035,9,4,sign,0,1,10,1,0.878362,DERIVED_FROM_CODE_IDENTITY(tal.py:100-116) + frozen best_assign_iou,1,0,1,"loss.py:526 target_scores_sum = max(target_scores.sum(), 1)",0.001165951835,-0.877196,5.933,1,SUPERVISION_CONFIRMED
160,001114,10,4,sign,1,0,10,1,0.543459,DERIVED_FROM_CODE_IDENTITY(tal.py:100-116) + frozen best_assign_iou,1,0,1,"loss.py:526 target_scores_sum = max(target_scores.sum(), 1)",2.10481e-07,-0.543459,8.355,1,SUPERVISION_CONFIRMED
211,002331,18,6,car,0,1,10,1,0.745381,DERIVED_FROM_CODE_IDENTITY(tal.py:100-116) + frozen best_assign_iou,1,0,1,"loss.py:526 target_scores_sum = max(target_scores.sum(), 1)",3.1338968e-05,-0.74535,7.73,1,SUPERVISION_CONFIRMED
214,002357,3,2,animal,1,0,10,1,0.707552,DERIVED_FROM_CODE_IDENTITY(tal.py:100-116) + frozen best_assign_iou,1,0,1,"loss.py:526 target_scores_sum = max(target_scores.sum(), 1)",1.730228e-06,-0.70755,9.387,1,SUPERVISION_CONFIRMED
219,002517,1,4,sign,1,1,10,1,0.705557,DERIVED_FROM_CODE_IDENTITY(tal.py:100-116) + frozen best_assign_iou,1,0,1,"loss.py:526 target_scores_sum = max(target_scores.sum(), 1)",1.02769e-07,-0.705557,11.353,1,SUPERVISION_CONFIRMED
219,002517,2,4,sign,1,1,10,1,0.62857,DERIVED_FROM_CODE_IDENTITY(tal.py:100-116) + frozen best_assign_iou,1,0,1,"loss.py:526 target_scores_sum = max(target_scores.sum(), 1)",2.064e-09,-0.62857,12.571,1,SUPERVISION_CONFIRMED
221,002584,4,8,light,1,0,9,1,0.760889,DERIVED_FROM_CODE_IDENTITY(tal.py:100-116) + frozen best_assign_iou,1,0,1,"loss.py:526 target_scores_sum = max(target_scores.sum(), 1)",1.21782e-07,-0.760889,12.114,1,SUPERVISION_CONFIRMED
221,002584,6,8,light,1,0,10,1,0.574593,DERIVED_FROM_CODE_IDENTITY(tal.py:100-116) + frozen best_assign_iou,1,0,1,"loss.py:526 target_scores_sum = max(target_scores.sum(), 1)",1.411016e-06,-0.574592,7.74,1,SUPERVISION_CONFIRMED
224,002627,11,5,bicycle,1,1,10,1,0.590154,DERIVED_FROM_CODE_IDENTITY(tal.py:100-116) + frozen best_assign_iou,1,0,1,"loss.py:526 target_scores_sum = max(target_scores.sum(), 1)",1.99758e-07,-0.590154,9.104,1,SUPERVISION_CONFIRMED
230,002839,4,0,person,1,0,10,1,0.653575,DERIVED_FROM_CODE_IDENTITY(tal.py:100-116) + frozen best_assign_iou,1,0,1,"loss.py:526 target_scores_sum = max(target_scores.sum(), 1)",3.0606e-08,-0.653575,11.308,1,SUPERVISION_CONFIRMED
231,002842,3,0,person,1,0,10,1,0.786745,DERIVED_FROM_CODE_IDENTITY(tal.py:100-116) + frozen best_assign_iou,1,0,1,"loss.py:526 target_scores_sum = max(target_scores.sum(), 1)",1.69243e-07,-0.786745,12.267,1,SUPERVISION_CONFIRMED
231,002842,4,0,person,1,0,10,1,0.607993,DERIVED_FROM_CODE_IDENTITY(tal.py:100-116) + frozen best_assign_iou,1,0,1,"loss.py:526 target_scores_sum = max(target_scores.sum(), 1)",7.7001e-08,-0.607993,9.959,1,SUPERVISION_CONFIRMED
234,002955,0,9,garbage_can,0,1,10,1,0.867045,DERIVED_FROM_CODE_IDENTITY(tal.py:100-116) + frozen best_assign_iou,1,0,1,"loss.py:526 target_scores_sum = max(target_scores.sum(), 1)",3.0263367e-05,-0.867014,9.022,1,SUPERVISION_CONFIRMED
234,002955,1,9,garbage_can,1,1,10,1,0.870876,DERIVED_FROM_CODE_IDENTITY(tal.py:100-116) + frozen best_assign_iou,1,0,1,"loss.py:526 target_scores_sum = max(target_scores.sum(), 1)",2.467374e-06,-0.870873,11.245,1,SUPERVISION_CONFIRMED
235,002987,12,0,person,0,1,8,1,0.740487,DERIVED_FROM_CODE_IDENTITY(tal.py:100-116) + frozen best_assign_iou,1,0,1,"loss.py:526 target_scores_sum = max(target_scores.sum(), 1)",0.001189659466,-0.739297,4.987,1,SUPERVISION_CONFIRMED
235,002987,14,5,bicycle,1,0,10,1,0.676954,DERIVED_FROM_CODE_IDENTITY(tal.py:100-116) + frozen best_assign_iou,1,0,1,"loss.py:526 target_scores_sum = max(target_scores.sum(), 1)",6.416455e-06,-0.676947,8.094,1,SUPERVISION_CONFIRMED
235,002987,15,5,bicycle,0,1,10,1,0.826452,DERIVED_FROM_CODE_IDENTITY(tal.py:100-116) + frozen best_assign_iou,1,0,1,"loss.py:526 target_scores_sum = max(target_scores.sum(), 1)",3.9862545e-05,-0.826413,8.372,1,SUPERVISION_CONFIRMED
235,002987,3,0,person,1,0,10,1,0.872445,DERIVED_FROM_CODE_IDENTITY(tal.py:100-116) + frozen best_assign_iou,1,0,1,"loss.py:526 target_scores_sum = max(target_scores.sum(), 1)",3.853599e-06,-0.872441,10.876,1,SUPERVISION_CONFIRMED
236,003007,6,0,person,1,0,9,1,0.77765,DERIVED_FROM_CODE_IDENTITY(tal.py:100-116) + frozen best_assign_iou,1,0,1,"loss.py:526 target_scores_sum = max(target_scores.sum(), 1)",1.142628e-06,-0.777649,10.64,1,SUPERVISION_CONFIRMED
240,003056,1,0,person,1,0,10,1,0.81524,DERIVED_FROM_CODE_IDENTITY(tal.py:100-116) + frozen best_assign_iou,1,0,1,"loss.py:526 target_scores_sum = max(target_scores.sum(), 1)",3.149309e-06,-0.815236,10.328,1,SUPERVISION_CONFIRMED
240,003056,3,0,person,1,0,10,1,0.575384,DERIVED_FROM_CODE_IDENTITY(tal.py:100-116) + frozen best_assign_iou,1,0,1,"loss.py:526 target_scores_sum = max(target_scores.sum(), 1)",6.489899e-06,-0.575378,6.873,1,SUPERVISION_CONFIRMED
240,003056,8,5,bicycle,1,0,8,1,0.66469,DERIVED_FROM_CODE_IDENTITY(tal.py:100-116) + frozen best_assign_iou,1,0,1,"loss.py:526 target_scores_sum = max(target_scores.sum(), 1)",1.594265e-06,-0.664688,8.873,1,SUPERVISION_CONFIRMED
243,003148,0,2,animal,1,0,10,1,0.819686,DERIVED_FROM_CODE_IDENTITY(tal.py:100-116) + frozen best_assign_iou,1,0,1,"loss.py:526 target_scores_sum = max(target_scores.sum(), 1)",6.498848e-06,-0.81968,9.79,1,SUPERVISION_CONFIRMED
243,003148,7,0,person,1,0,7,1,0.739586,DERIVED_FROM_CODE_IDENTITY(tal.py:100-116) + frozen best_assign_iou,1,0,1,"loss.py:526 target_scores_sum = max(target_scores.sum(), 1)",2.68365e-07,-0.739586,11.191,1,SUPERVISION_CONFIRMED
243,003148,8,0,person,1,0,7,1,0.611869,DERIVED_FROM_CODE_IDENTITY(tal.py:100-116) + frozen best_assign_iou,1,0,1,"loss.py:526 target_scores_sum = max(target_scores.sum(), 1)",9.49069e-07,-0.611868,8.485,1,SUPERVISION_CONFIRMED
252,003288,11,0,person,1,1,10,1,0.715897,DERIVED_FROM_CODE_IDENTITY(tal.py:100-116) + frozen best_assign_iou,1,0,1,"loss.py:526 target_scores_sum = max(target_scores.sum(), 1)",6.736028e-06,-0.71589,8.525,1,SUPERVISION_CONFIRMED
252,003288,16,2,animal,1,0,10,1,0.723341,DERIVED_FROM_CODE_IDENTITY(tal.py:100-116) + frozen best_assign_iou,1,0,1,"loss.py:526 target_scores_sum = max(target_scores.sum(), 1)",9.0154e-08,-0.723341,11.734,1,SUPERVISION_CONFIRMED
254,003317,7,4,sign,1,0,10,1,0.614033,DERIVED_FROM_CODE_IDENTITY(tal.py:100-116) + frozen best_assign_iou,1,0,1,"loss.py:526 target_scores_sum = max(target_scores.sum(), 1)",1.22598e-07,-0.614033,9.772,1,SUPERVISION_CONFIRMED
259,003419,13,8,light,1,1,10,1,0.662419,DERIVED_FROM_CODE_IDENTITY(tal.py:100-116) + frozen best_assign_iou,1,0,1,"loss.py:526 target_scores_sum = max(target_scores.sum(), 1)",6.010237e-06,-0.662413,7.964,1,SUPERVISION_CONFIRMED
259,003419,14,8,light,1,1,10,1,0.560868,DERIVED_FROM_CODE_IDENTITY(tal.py:100-116) + frozen best_assign_iou,1,0,1,"loss.py:526 target_scores_sum = max(target_scores.sum(), 1)",1.155587e-06,-0.560867,7.668,1,SUPERVISION_CONFIRMED
259,003419,19,8,light,0,1,10,1,0.742705,DERIVED_FROM_CODE_IDENTITY(tal.py:100-116) + frozen best_assign_iou,1,0,1,"loss.py:526 target_scores_sum = max(target_scores.sum(), 1)",0.000122187412,-0.742583,6.692,1,SUPERVISION_CONFIRMED
279,003739,2,2,animal,1,0,10,1,0.89172,DERIVED_FROM_CODE_IDENTITY(tal.py:100-116) + frozen best_assign_iou,1,0,1,"loss.py:526 target_scores_sum = max(target_scores.sum(), 1)",7.67716e-07,-0.891719,12.555,1,SUPERVISION_CONFIRMED
291,003863,1,0,person,1,1,10,1,0.59537,DERIVED_FROM_CODE_IDENTITY(tal.py:100-116) + frozen best_assign_iou,1,0,1,"loss.py:526 target_scores_sum = max(target_scores.sum(), 1)",4.7737e-08,-0.59537,10.036,1,SUPERVISION_CONFIRMED
291,003863,3,0,person,1,1,10,1,0.558004,DERIVED_FROM_CODE_IDENTITY(tal.py:100-116) + frozen best_assign_iou,1,0,1,"loss.py:526 target_scores_sum = max(target_scores.sum(), 1)",2.97126e-07,-0.558004,8.386,1,SUPERVISION_CONFIRMED
291,003863,5,2,animal,1,0,10,1,0.846583,DERIVED_FROM_CODE_IDENTITY(tal.py:100-116) + frozen best_assign_iou,1,0,1,"loss.py:526 target_scores_sum = max(target_scores.sum(), 1)",3.05181e-07,-0.846583,12.701,1,SUPERVISION_CONFIRMED
296,003902,5,0,person,1,0,10,1,0.56405,DERIVED_FROM_CODE_IDENTITY(tal.py:100-116) + frozen best_assign_iou,1,0,1,"loss.py:526 target_scores_sum = max(target_scores.sum(), 1)",9.431882e-06,-0.56404,6.527,1,SUPERVISION_CONFIRMED
298,003941,21,0,person,1,0,10,1,0.769016,DERIVED_FROM_CODE_IDENTITY(tal.py:100-116) + frozen best_assign_iou,1,0,1,"loss.py:526 target_scores_sum = max(target_scores.sum(), 1)",2.736105e-06,-0.769014,9.85,1,SUPERVISION_CONFIRMED
300,003987,55,5,bicycle,1,1,10,1,0.557727,DERIVED_FROM_CODE_IDENTITY(tal.py:100-116) + frozen best_assign_iou,1,0,1,"loss.py:526 target_scores_sum = max(target_scores.sum(), 1)",3.18678e-07,-0.557726,8.343,1,SUPERVISION_CONFIRMED
305,hehe_186_000002_028_00000050,1,4,sign,1,0,10,1,0.838326,DERIVED_FROM_CODE_IDENTITY(tal.py:100-116) + frozen best_assign_iou,1,0,1,"loss.py:526 target_scores_sum = max(target_scores.sum(), 1)",4.001597e-06,-0.838322,10.419,1,SUPERVISION_CONFIRMED
306,hehe_22_00000004,9,5,bicycle,0,1,10,1,0.744987,DERIVED_FROM_CODE_IDENTITY(tal.py:100-116) + frozen best_assign_iou,1,0,1,"loss.py:526 target_scores_sum = max(target_scores.sum(), 1)",5.4942007e-05,-0.744932,7.308,1,SUPERVISION_CONFIRMED
307,hehe_230_000002_043_00000061,13,0,person,0,1,10,1,0.713321,DERIVED_FROM_CODE_IDENTITY(tal.py:100-116) + frozen best_assign_iou,1,0,1,"loss.py:526 target_scores_sum = max(target_scores.sum(), 1)",0.001928415382,-0.711393,4.46,1,SUPERVISION_CONFIRMED
314,hehe_61_00000090,10,5,bicycle,1,0,10,1,0.830554,DERIVED_FROM_CODE_IDENTITY(tal.py:100-116) + frozen best_assign_iou,1,0,1,"loss.py:526 target_scores_sum = max(target_scores.sum(), 1)",2.58868e-06,-0.830551,10.685,1,SUPERVISION_CONFIRMED
314,hehe_61_00000090,11,5,bicycle,1,0,10,1,0.696734,DERIVED_FROM_CODE_IDENTITY(tal.py:100-116) + frozen best_assign_iou,1,0,1,"loss.py:526 target_scores_sum = max(target_scores.sum(), 1)",8.121548e-06,-0.696726,8.166,1,SUPERVISION_CONFIRMED
315,hehe_65_00000229,2,4,sign,1,0,10,1,0.923865,DERIVED_FROM_CODE_IDENTITY(tal.py:100-116) + frozen best_assign_iou,1,0,1,"loss.py:526 target_scores_sum = max(target_scores.sum(), 1)",4.954743e-06,-0.92386,11.285,1,SUPERVISION_CONFIRMED
316,hehe_6_00000054,0,7,ball,1,0,10,1,0.759694,DERIVED_FROM_CODE_IDENTITY(tal.py:100-116) + frozen best_assign_iou,1,0,1,"loss.py:526 target_scores_sum = max(target_scores.sum(), 1)",6.29749e-07,-0.759693,10.847,1,SUPERVISION_CONFIRMED
316,hehe_6_00000054,16,6,car,1,1,10,1,0.72529,DERIVED_FROM_CODE_IDENTITY(tal.py:100-116) + frozen best_assign_iou,1,0,1,"loss.py:526 target_scores_sum = max(target_scores.sum(), 1)",1.522228e-06,-0.725288,9.716,1,SUPERVISION_CONFIRMED
316,hehe_6_00000054,17,6,car,1,1,10,1,0.61246,DERIVED_FROM_CODE_IDENTITY(tal.py:100-116) + frozen best_assign_iou,1,0,1,"loss.py:526 target_scores_sum = max(target_scores.sum(), 1)",9.285824e-06,-0.61245,7.097,1,SUPERVISION_CONFIRMED
355,shuming_340_00000020,1,4,sign,1,1,10,1,0.815057,DERIVED_FROM_CODE_IDENTITY(tal.py:100-116) + frozen best_assign_iou,1,0,1,"loss.py:526 target_scores_sum = max(target_scores.sum(), 1)",4.92477e-07,-0.815057,11.838,1,SUPERVISION_CONFIRMED
365,shuming_485_00000027,3,8,light,1,0,10,1,0.775968,DERIVED_FROM_CODE_IDENTITY(tal.py:100-116) + frozen best_assign_iou,1,0,1,"loss.py:526 target_scores_sum = max(target_scores.sum(), 1)",6.4917e-08,-0.775968,12.842,1,SUPERVISION_CONFIRMED
365,shuming_485_00000027,4,8,light,1,0,10,1,0.707756,DERIVED_FROM_CODE_IDENTITY(tal.py:100-116) + frozen best_assign_iou,1,0,1,"loss.py:526 target_scores_sum = max(target_scores.sum(), 1)",1.771952e-06,-0.707754,9.373,1,SUPERVISION_CONFIRMED
367,shuming_562_00000223,2,2,animal,1,0,10,1,0.855888,DERIVED_FROM_CODE_IDENTITY(tal.py:100-116) + frozen best_assign_iou,1,0,1,"loss.py:526 target_scores_sum = max(target_scores.sum(), 1)",8.56382e-07,-0.855887,11.957,1,SUPERVISION_CONFIRMED
373,shuming_63_00000393,4,8,light,1,0,10,1,0.603633,DERIVED_FROM_CODE_IDENTITY(tal.py:100-116) + frozen best_assign_iou,1,0,1,"loss.py:526 target_scores_sum = max(target_scores.sum(), 1)",3.753515e-06,-0.60363,7.541,1,SUPERVISION_CONFIRMED
373,shuming_63_00000393,7,8,light,1,0,10,1,0.772091,DERIVED_FROM_CODE_IDENTITY(tal.py:100-116) + frozen best_assign_iou,1,0,1,"loss.py:526 target_scores_sum = max(target_scores.sum(), 1)",7.6608e-07,-0.77209,10.873,1,SUPERVISION_CONFIRMED
373,shuming_63_00000393,8,8,light,1,0,10,1,0.707484,DERIVED_FROM_CODE_IDENTITY(tal.py:100-116) + frozen best_assign_iou,1,0,1,"loss.py:526 target_scores_sum = max(target_scores.sum(), 1)",2.070175e-06,-0.707482,9.259,1,SUPERVISION_CONFIRMED
373,shuming_63_00000393,9,8,light,1,0,10,1,0.938255,DERIVED_FROM_CODE_IDENTITY(tal.py:100-116) + frozen best_assign_iou,1,0,1,"loss.py:526 target_scores_sum = max(target_scores.sum(), 1)",1.249893e-06,-0.938254,12.753,1,SUPERVISION_CONFIRMED
388,shuming_783_00000248,2,3,seat,1,0,10,1,0.754507,DERIVED_FROM_CODE_IDENTITY(tal.py:100-116) + frozen best_assign_iou,1,0,1,"loss.py:526 target_scores_sum = max(target_scores.sum(), 1)",7.24475e-07,-0.754507,10.667,1,SUPERVISION_CONFIRMED
395,shuming_85_00000273,4,8,light,1,0,10,1,0.648559,DERIVED_FROM_CODE_IDENTITY(tal.py:100-116) + frozen best_assign_iou,1,0,1,"loss.py:526 target_scores_sum = max(target_scores.sum(), 1)",1.999649e-06,-0.648557,8.511,1,SUPERVISION_CONFIRMED
