cls,name,train_gt,frac,dnorm,cos,H_med
0,person,4426,0.3825410544511668,0.2579524618134782,0.7639586095495469,-2.9728837065508102
1,boat,107,0.009248055315471047,0.11362985955125049,0.8424569481041473,-5.197654054575532
2,animal,2328,0.20121002592912704,0.18739411290944974,0.7535514755492093,-3.3434956616020512
3,seat,514,0.04442523768366465,0.13477218960388682,0.787167600214623,-7.078167775387657
4,sign,659,0.05695764909248055,0.1370385708270324,0.7748356016321993,-6.044036427631365
5,bicycle,550,0.04753673292999136,0.14934294987776198,0.7799232237189516,-5.433676190268609
6,car,1283,0.11089023336214347,0.18311151624937216,0.7425804191249199,-3.233547016069104
7,ball,70,0.006050129645635264,0.1354959872163598,0.8120435567371422,-5.672123667240838
8,light,1211,0.10466724286949006,0.1581887339126603,0.7830054051093868,-7.391616131883206
9,garbage_can,225,0.01944684528954192,0.1405679950403933,0.8473569596416637,-2.9783510909502358
10,uav,174,0.015038893690579085,0.11432778744434902,0.8299394207891911,-8.231068119058271
11,tricycle,23,0.0019878997407087296,0.05932845995062985,0.8130015746354226,nan
