epoch,cls,name,norm,dnorm_vs0,cos_vs0,cos_vsF,l2_vs0,l2_vsF
0,0,person,0.6043801188930095,0.0,1.0,0.7649312436791027,0.0,0.5573545482671494
0,1,boat,0.5717326725345627,0.0,1.0000000000000002,0.8429443482098954,0.0,0.3688617400489519
0,2,animal,0.5646480739804648,0.0,1.0000000000000002,0.754835994644276,0.0,0.4929944547865922
0,3,seat,0.5889837974557339,0.0,1.0000000000000002,0.7880729771041773,0.0,0.44594785839775336
0,4,sign,0.5946043447776859,0.0,0.9999999999999999,0.7756116456522267,0.0,0.46249539041827087
0,5,bicycle,0.5900977237305075,0.0,0.9999999999999999,0.7809099387870524,0.0,0.4620388345122135
0,6,car,0.5814998464896874,0.0,1.0,0.7434007569819286,0.0,0.5115194938672939
0,7,ball,0.5446060768377369,0.0,0.9999999999999998,0.8125514668105139,0.0,0.3964747968648866
0,8,light,0.5856259024673751,0.0,1.0000000000000002,0.783855570568496,0.0,0.4614314006040329
0,9,garbage_can,0.5980908712243457,0.0,0.9999999999999999,0.8482193271805812,0.0,0.39206104962723776
0,10,uav,0.5992264708060676,0.0,1.0000000000000002,0.8308181739359061,0.0,0.3969336830315015
0,11,tricycle,0.5522599720811894,0.0,1.0000000000000002,0.8139624799703407,0.0,0.35954637036038284
10,0,person,0.6161117666030365,0.011731647710026993,0.9316936086494062,0.9336885326233801,0.22584850319025654,0.36114600688938453
10,1,boat,0.6143177740133494,0.04258510147878669,0.96335801096883,0.9525334101446793,0.16599004739965903,0.2122473218135325
10,2,animal,0.5728699672690616,0.008221893288596793,0.9319982266949264,0.9285450415007493,0.20990630378501168,0.3057428186010374
10,3,seat,0.6373957648921283,0.04841196743639442,0.942191192192154,0.9449424899480677,0.21388874612318778,0.24138773121424328
10,4,sign,0.6277827906468282,0.033178445869142315,0.9360587202506965,0.9391570185187271,0.22099120975191874,0.25810804873344134
10,5,bicycle,0.6324884020557575,0.04239067832525001,0.9405533990443588,0.9393755434225427,0.21487548803007847,0.26102684165256457
10,6,car,0.6099252440787848,0.028425397589097345,0.9201680886008518,0.9360882590517344,0.239658508101853,0.2889740436568624
10,7,ball,0.5933331006596266,0.04872702382188976,0.94436326682734,0.9553579865589314,0.19578158992831216,0.20867643731584473
10,8,light,0.6070153378436298,0.021389435376254706,0.9553948843339581,0.9232585271257322,0.17936083560473323,0.2962258689212549
10,9,garbage_can,0.6423056608641523,0.04421478963980663,0.9667198662759856,0.9520936304937765,0.16590524531176926,0.23378604305611378
10,10,uav,0.6390468999232136,0.039820429117146006,0.9596677151930328,0.949346869919315,0.18020781957688145,0.22726925442114151
10,11,tricycle,0.5905966825143574,0.038336710433168,0.9455083407738781,0.9582975243181432,0.1923954764825627,0.1749004570914356
20,0,person,0.6562352519426753,0.051855133049665825,0.8991268440988397,0.961353927106452,0.28758420877987967,0.29271724339819954
20,1,boat,0.632662931388591,0.06093025885402825,0.9420935460190822,0.9708363028091868,0.21355012193055006,0.16760312017558737
20,2,animal,0.5999040341362376,0.035255960155772814,0.8954074349671082,0.9580570451602924,0.26851673337537607,0.2466498314225924
20,3,seat,0.6614066962359304,0.07242289878019648,0.914416859043662,0.9667728900701873,0.26818695197566705,0.1889631325089907
20,4,sign,0.639895883342927,0.04529153856524115,0.9051770742539296,0.9626960640691268,0.2724127403033309,0.20808411669211427
20,5,bicycle,0.6539283523083788,0.06383062857787125,0.9095674110261169,0.9644259763820423,0.2717846559606687,0.2042243582101819
20,6,car,0.6304253917438453,0.04892554525415782,0.881506046486197,0.9635838008108717,0.29878360635752105,0.23040511739743993
20,7,ball,0.6122186586692544,0.06761258183151753,0.9162626637211567,0.9747268950394705,0.2457855404800218,0.16014263724635538
20,8,light,0.6213225185734338,0.035696616106058676,0.9189698047536399,0.9581281674002468,0.24544237015668094,0.2312867359934125
20,9,garbage_can,0.6653470256207177,0.067256154396372,0.9468457353092659,0.9705720257134616,0.21639683911514968,0.18503381131903576
20,10,uav,0.6556199482947793,0.05639347748871171,0.9403666859075317,0.9670653863758574,0.22368703057673056,0.18466349844788857
20,11,tricycle,0.6028704830162637,0.05061051093507429,0.9217432222074226,0.975193288613151,0.2338188197794002,0.13557695555185711
30,0,person,0.6866161779937864,0.08223605910077691,0.8776312290933369,0.9730516235562315,0.3291249933499078,0.24968385400877954
30,1,boat,0.6470701565175424,0.07533748398297968,0.9254789149033761,0.9811264207324304,0.24660506633063356,0.13499027584161588
30,2,animal,0.6214020141330421,0.05675394015257729,0.8684137453658313,0.9730453587545177,0.3091298369825056,0.20525770478978708
30,3,seat,0.6751368291832835,0.08615303172754962,0.8932463299907554,0.9781835330703251,0.30384600887211344,0.15391727068298075
30,4,sign,0.6576032876338511,0.06299894285616525,0.8795142707318123,0.9765653010336192,0.31335606861800974,0.1673170287581019
30,5,bicycle,0.6682124442256844,0.07811472049517687,0.8901311189305923,0.9757222553993997,0.30454367122938786,0.17046594818976107
30,6,car,0.6496906331951684,0.06819078670548095,0.8504315202259946,0.9778188978580886,0.3430195797058717,0.1876756090419359
30,7,ball,0.6278786803233098,0.08327260348557297,0.8982628375658854,0.9836721877062168,0.27660742730398347,0.12909525717492198
30,8,light,0.638944276379339,0.05331837391196392,0.8954549920945396,0.9733636514686785,0.2847466169842557,0.1901089252757114
30,9,garbage_can,0.6803354047653348,0.08224453354098915,0.9329622648461334,0.979492523654702,0.24762833697114725,0.15480416840590966
30,10,uav,0.6690176073675418,0.06979113656147418,0.9263309916840111,0.9765700175667092,0.2528588362121736,0.15588465509842417
30,11,tricycle,0.6093809947349861,0.057121022653796705,0.9058208746556219,0.9831122105690997,0.25817103090567367,0.11224608749427084
40,0,person,0.7113871730386478,0.10700705414563838,0.8576230063395559,0.9822122308905263,0.3658961494950233,0.210316206663739
40,1,boat,0.657073281726858,0.08534060919229525,0.9146554002144358,0.9865465378297217,0.2672187795457303,0.11370652104937357
40,2,animal,0.6407846849113853,0.0761366109309205,0.850988667671556,0.9816206152956518,0.33708559710595704,0.17316029630621982
40,3,seat,0.6809480560636686,0.09196425860793467,0.8786575717679442,0.9843572851267783,0.32525436576730826,0.13136373820004227
40,4,sign,0.6681235133535544,0.07351916857586849,0.8632350296465686,0.9836611198747722,0.3377426143092995,0.14134204647104154
40,5,bicycle,0.679476926938072,0.08937920320756454,0.8741195097149587,0.9830032879542048,0.33005176536165853,0.14377047287619793
40,6,car,0.6716967593570001,0.09019691286731268,0.833381970485625,0.9844900667397644,0.3718799215509648,0.15667453657845518
40,7,ball,0.6375392945454025,0.0929332177076656,0.886603358985904,0.9882461330243396,0.2956027293040132,0.1095411345940561
40,8,light,0.6540310546698372,0.06840515220246213,0.873912727008163,0.9832915802436545,0.3182240338664508,0.15547829682661524
40,9,garbage_can,0.6921046651978429,0.09401379397349718,0.9197499738227338,0.9860755446205879,0.27436512719359046,0.12793191425380393
40,10,uav,0.678789133838113,0.0795626630320454,0.9124897527096215,0.9835786172710083,0.2784232865225424,0.1306726592542222
40,11,tricycle,0.6128565065148782,0.06059653443368884,0.8940214265842292,0.9877172992438423,0.27460905467598207,0.09598119449332572
50,0,person,0.7284942912384862,0.12411417234547673,0.8447283563816332,0.9869571028234783,0.39004185019938536,0.1843123883138145
50,1,boat,0.6656704955197429,0.09393782298518016,0.9022590245107006,0.9911752301971187,0.2884821044793143,0.09191346169269864
50,2,animal,0.6557643916287371,0.09111631764827233,0.834980869013788,0.9872477999888348,0.36125816817439754,0.14749802571959875
50,3,seat,0.6898098549416659,0.10082605748593199,0.8680660166558224,0.9881132243683303,0.3425959326008979,0.11412920848650798
50,4,sign,0.6804611249442085,0.08585678016652265,0.8476250253148355,0.989099696854824,0.36148967210718946,0.11596878702613148
50,5,bicycle,0.6914286413571913,0.10133091762668378,0.8597861362387526,0.9879108342189928,0.3531082030225024,0.1210900059624682
50,6,car,0.6873816623880601,0.10588181589837264,0.819866406568429,0.9889377627385425,0.3939723290269409,0.1325826006803444
50,7,ball,0.6449574883375654,0.10035141149982851,0.8749813147458483,0.991596688225654,0.3128825242168032,0.09275248117370606
50,8,light,0.6632591053147411,0.07763320284736597,0.860150996081762,0.9879415968172298,0.3386261851432038,0.13513083578727728
50,9,garbage_can,0.6999098869271455,0.10181901570279983,0.9104015636011296,0.989830583322671,0.2921996982191204,0.10947894269070604
50,10,uav,0.6867158719004957,0.08748940109442804,0.9027294113240101,0.9876483011996833,0.29615496717503675,0.11311002303219533
50,11,tricycle,0.6156016199782411,0.06334164789705177,0.8835027319972407,0.9910184940530077,0.2884853789174994,0.08234033233862625
60,0,person,0.748939296006153,0.1445591771131436,0.8331809843434562,0.9903676022199731,0.41462828613219227,0.1581879656840088
60,1,boat,0.6699347492787764,0.09820207674421366,0.8949900172690176,0.9934478420497438,0.3001437120643404,0.07912743760503299
60,2,animal,0.6693529895760726,0.1047049155956078,0.8233787559623184,0.9907246443756774,0.3800930423023444,0.12687724618793786
60,3,seat,0.6963195034242284,0.10733570596849451,0.860966163927904,0.9905425987005311,0.35434773772307737,0.10143211216487728
60,4,sign,0.6909934729274361,0.0963891281497502,0.8365642835327911,0.9922408632624629,0.37893506674064326,0.09735859023956185
60,5,bicycle,0.6960869735111004,0.10598924978059288,0.8443389184339734,0.9918942015674237,0.37297748844234657,0.10109594964168446
60,6,car,0.6988081483150939,0.11730830182540641,0.8095779245620864,0.9920130683290883,0.4105117049742817,0.1133710690812726
60,7,ball,0.6526362676808316,0.10803019084309473,0.867682379194727,0.9937683847420301,0.32516109956911926,0.07926591430984409
60,8,light,0.6765366894610403,0.09091078699366517,0.8522824261732139,0.9904439875218226,0.3539991685210683,0.11848387321771583
60,9,garbage_can,0.7081884904240289,0.1100976191996832,0.9038552394168704,0.9920727034546264,0.3058886093411861,0.0959053711938143
60,10,uav,0.6912534813346687,0.09202701052860107,0.8935302515351116,0.9910394230237541,0.310921552882003,0.09649692752126403
60,11,tricycle,0.6171914006263464,0.06493142854515699,0.8746207421639306,0.9933183694296871,0.29947814107140824,0.0712382753656503
70,0,person,0.7662562438901674,0.16187612499715798,0.8199032419274812,0.9934153222704549,0.43933257725357555,0.13304492124511913
70,1,boat,0.6758677503364231,0.10413507780186038,0.8888676316850139,0.9950869864891129,0.3110155827323175,0.06816009982842654
70,2,animal,0.6856597622330513,0.12101168825258646,0.8137762195818099,0.9930100469544714,0.39854649594337493,0.10748525260036443
70,3,seat,0.7005037849059615,0.11151998745022762,0.8481783458311435,0.9936868207995954,0.37110038690813846,0.08333570967548712
70,4,sign,0.6976694307841921,0.10306508600650621,0.8264864988564204,0.9944531026377829,0.39316936280877335,0.08246975381777666
70,5,bicycle,0.7044277504702292,0.1143300267397217,0.8352780445264099,0.9939683279000954,0.3873176980604939,0.08664110970478928
70,6,car,0.7093591438569778,0.1278592973672904,0.7984250768709258,0.9942564579999468,0.4273689042785617,0.09629698943823152
70,7,ball,0.6592351035435929,0.11462902670585606,0.8596732596166266,0.9954396922945336,0.3374922115337291,0.06724734920780423
70,8,light,0.6872740278489547,0.10164812538157963,0.8398158145502367,0.9933500119008782,0.3731969408043289,0.09954187697947908
70,9,garbage_can,0.7143856400660555,0.11629476884170986,0.8961103816950029,0.9941391338278639,0.31984651700765476,0.08219161144510644
70,10,uav,0.6960635985177699,0.09683712771170228,0.884759481772646,0.9934217066827925,0.32482458067044084,0.08258956683526253
70,11,tricycle,0.6179099359838156,0.06564996390262623,0.8669986533130819,0.9950194613891781,0.30835453401669416,0.06166619280349802
80,0,person,0.7783097552812777,0.1739296363882682,0.8107296574949765,0.9951916331449341,0.45641553670729773,0.11538366079312648
80,1,boat,0.6773426984592802,0.10561002592471747,0.8818819126532368,0.996391851218704,0.32037173849443246,0.05846067444045456
80,2,animal,0.6959726561390921,0.1313245821586273,0.804839588829192,0.9947620550109185,0.4130790169634165,0.09259974994387704
80,3,seat,0.7064545391102045,0.11747074165447058,0.8410184523409254,0.9952090318838448,0.3822312488627677,0.0721152007544508
80,4,sign,0.7009286992285781,0.10632435445089228,0.8175925376777395,0.9960553654956604,0.40416667323050154,0.07053595798549431
80,5,bicycle,0.7115227838412745,0.12142506011076704,0.8279373654362636,0.9956348989282121,0.39903787434469673,0.07328302285655956
80,6,car,0.7186551547370418,0.13715530824735434,0.7912081318967575,0.9957307982023216,0.4396804853678667,0.08243424365261015
80,7,ball,0.6651387914688413,0.12053271463110438,0.851457515920202,0.99692369921156,0.3494907530892459,0.054821314592505034
80,8,light,0.6998863624443682,0.11426045997699308,0.8297566658030897,0.9954008939135398,0.39065491466704594,0.08155333181259385
80,9,garbage_can,0.7167172291158221,0.11862635789147646,0.8899793009698903,0.9956914838100484,0.3292348790750371,0.07089821926198672
80,10,uav,0.7009948584042209,0.10176838759815332,0.8781810309771073,0.9950672964789754,0.3357053166262968,0.07126222307329087
80,11,tricycle,0.617990675177738,0.0657307030965486,0.8605624072000558,0.9962169089386167,0.31543344681043534,0.05383913782668727
90,0,person,0.7906551867315396,0.1862750678385301,0.8043815946083468,0.9963076644339465,0.47080077128170794,0.10001037861143162
90,1,boat,0.6805088006582949,0.10877612812373216,0.8765053359301841,0.9973661326222865,0.3285242235108119,0.049825081218663275
90,2,animal,0.7053793520124437,0.14073127803197893,0.7968568198950503,0.9962269988224255,0.4261754696229913,0.07834110778417117
90,3,seat,0.7103689514073548,0.12138515395162086,0.8329368943962264,0.9965633534920247,0.39310476963007845,0.060947062548755995
90,4,sign,0.7054252314605932,0.11082088668290735,0.8135782445470969,0.9969263404016897,0.4106946216580537,0.06203503611183267
90,5,bicycle,0.7151837192123838,0.12508599548187627,0.8197582722639138,0.9970699964203671,0.4096104498931314,0.060708300726027134
90,6,car,0.726348797141112,0.14484895065142456,0.7851546723987324,0.9965755157496732,0.44996710662865314,0.07253154807960191
90,7,ball,0.6688979788666863,0.12429190202894946,0.8457113298984521,0.997690581784037,0.35757356203025287,0.047174496780034846
90,8,light,0.7066976418405604,0.12107173937318527,0.8233142638515308,0.9965242415555252,0.4011294561529654,0.07053668557537784
90,9,garbage_can,0.7231681193036342,0.12507724807928855,0.8846651575455269,0.9967025802053348,0.3397258128113728,0.06124362149327286
90,10,uav,0.7026552619550686,0.10342879114900094,0.8709680230842822,0.9964786529550274,0.3454782885247149,0.060317010130349555
90,11,tricycle,0.6182184609317606,0.0659584888505712,0.8542111659192316,0.9972172983068298,0.32233551675812483,0.04632231299901105
100,0,person,0.800632767179691,0.19625264828668154,0.7991265266291205,0.997265787751931,0.4826127192256445,0.08623512535489394
100,1,boat,0.6826969288059195,0.11096425627135675,0.8715631198998851,0.9981393468017661,0.3355235731217396,0.04182773619498267
100,2,animal,0.7124338006162894,0.14778572663582457,0.7898665456415527,0.9974081438654854,0.4369247399082255,0.06565057719680924
100,3,seat,0.711034885657724,0.12205108820199007,0.8280315156137125,0.9973263840712355,0.3986642104864816,0.053990912379275204
100,4,sign,0.7137927459415591,0.11918840116387319,0.8093358351298302,0.9976488378252116,0.41958416580302715,0.052595551319300195
100,5,bicycle,0.7201447741579488,0.13004705042744125,0.8152261450704686,0.9977744784909147,0.4170775408062954,0.05235491668960508
100,6,car,0.7329136548246263,0.1514138083349389,0.7791168987292649,0.997573164940832,0.4595673138752694,0.06098370163090565
100,7,ball,0.6704451105024449,0.12583903366470806,0.8395897878188535,0.9985213494798262,0.36465893206144895,0.0379554990610881
100,8,light,0.7117009949685936,0.1260750925012185,0.8174644914236271,0.9974138680076866,0.4099427696658745,0.06100074462186746
100,9,garbage_can,0.7270642609861224,0.12897338976177675,0.8792210832796163,0.9975922270318568,0.34882041118959867,0.052074202989142365
100,10,uav,0.7067912943304485,0.1075648235243809,0.8650862796665747,0.9974788131689885,0.3547529870542833,0.05080702771215566
100,11,tricycle,0.6183238876352578,0.06606391555406843,0.8484170717728756,0.9979632202200844,0.3284633363634063,0.03978792221281731
110,0,person,0.8111320250258696,0.2067519061328601,0.7942357129310167,0.9979511827154247,0.494460165573939,0.07326127895675388
110,1,boat,0.6838081260456483,0.11207545351108561,0.8678727941147113,0.9986112258839799,0.34040065960894994,0.03612411512335123
110,2,animal,0.7196964448225397,0.1550483708420749,0.7858219237326982,0.9980643123765033,0.4450992241623574,0.05578715966926429
110,3,seat,0.7150183204414586,0.1260345229857247,0.8218462299053376,0.998128628435884,0.40735487462374004,0.04487975886816242
110,4,sign,0.7179982342519673,0.12339388947428143,0.8029726442059859,0.998375102367518,0.42831975010612616,0.04344229150256184
110,5,bicycle,0.72197259188318,0.13187486815267246,0.8105956001882224,0.9983068175009154,0.4228197655005121,0.04595246096920959
110,6,car,0.7368571830487066,0.15535733655901918,0.7722355577312515,0.9982783489954788,0.46831825062972715,0.052012898060370856
110,7,ball,0.6738614440039765,0.12925536716623964,0.837130150406061,0.9988086387022578,0.36912037138759235,0.03361874775701695
110,8,light,0.7170947420813941,0.131468839614019,0.8118114101545995,0.9980891942293483,0.4187402204022666,0.0520817912810043
110,9,garbage_can,0.7288588356728967,0.130767964448551,0.874300537460561,0.9983356830448711,0.3559368473360538,0.04336782827061699
110,10,uav,0.709705424100688,0.11047895329462043,0.859535870494676,0.9981999145001151,0.3628734782911806,0.04282071851298249
110,11,tricycle,0.6173148569389699,0.06505488485778055,0.8442342347321965,0.998484719942379,0.33232353717815666,0.0342719305664451
120,0,person,0.8198193372886504,0.21543921839564095,0.7885827188138371,0.9985722711534062,0.5058865351886018,0.06104725484886999
120,1,boat,0.6844752599973998,0.11274258746283705,0.8642357759396712,0.9990072789922773,0.3449202573711682,0.030540260487297972
120,2,animal,0.7258404753776923,0.16119240139722746,0.7814969526112769,0.998577554188699,0.45286587697976216,0.04707188352355467
120,3,seat,0.7176095445483034,0.12862574709256946,0.8180885908649587,0.9984895736703167,0.41269610946029095,0.04009284547877248
120,4,sign,0.720768484752467,0.12616413997478115,0.7986267040374485,0.998892569210158,0.4341927358381265,0.03579713078414021
120,5,bicycle,0.7237749716995145,0.13367724796900704,0.8060657947424231,0.9987368114305306,0.4284009976427239,0.03995394189992871
120,6,car,0.7417960885091762,0.16029624201948878,0.7690284554025976,0.9986446316406082,0.4742952966677422,0.04532078299514455
120,7,ball,0.6759405328901597,0.13133445605242278,0.8328354533269816,0.9991699670073886,0.37459632553317573,0.027928247913810426
120,8,light,0.7235935353920921,0.13796763292471703,0.8061778854884146,0.9987015743198437,0.42813700310775643,0.04215080100891356
120,9,garbage_can,0.7317385590440149,0.13364768781966918,0.8708378254225909,0.9987487199813577,0.3618236613451567,0.03735439788374305
120,10,uav,0.7094306693944307,0.11020419858836306,0.8545303581962869,0.9987873412875624,0.36854587018043866,0.035220654439651
120,11,tricycle,0.6167942155383341,0.06453424345714476,0.839904116857595,0.9988944850557517,0.3364993790100918,0.029306976763637617
130,0,person,0.8269892496198787,0.22260913072686928,0.7841233849181697,0.9989859330558943,0.515123225607645,0.051122200106155695
130,1,boat,0.6860982508772676,0.11436557834270489,0.8604999712985889,0.9993240371429732,0.350030546505401,0.02522282375485465
130,2,animal,0.7305862528101796,0.16593817882971484,0.7780113599914272,0.998867238735883,0.459006335648937,0.04105801128354315
130,3,seat,0.7197945577146957,0.13081076025896177,0.8124838616247693,0.9990295206491742,0.4196491250298403,0.032051539662978135
130,4,sign,0.7218817985737749,0.127277453796089,0.7951117359280999,0.9991712783403002,0.4382802648895975,0.0310870649301022
130,5,bicycle,0.7279963385033973,0.13789861477288978,0.8012594088964914,0.9991433317727191,0.4356254864882891,0.03244097516350156
130,6,car,0.7452053084328142,0.16370546194312674,0.7652017617064302,0.9989643364312348,0.47988842431491735,0.03941304532522123
130,7,ball,0.6780424210556859,0.13343634421794903,0.8289447355742937,0.9994563047336723,0.3796512245811702,0.022481877971213107
130,8,light,0.7286389844746645,0.14301308200728935,0.8026492637525453,0.9990094528646347,0.4345983810629572,0.03580055654224226
130,9,garbage_can,0.7351431756334862,0.1370523044091405,0.8664181778866229,0.9991745404991764,0.36912124351196374,0.03010262195653656
130,10,uav,0.7102527853441717,0.11102631453810408,0.8506947362373684,0.9991524362925714,0.3733847357126888,0.029440001187045074
130,11,tricycle,0.6163006418288324,0.064040669747643,0.8358476372286858,0.9992218116797655,0.34035629080916224,0.024631934894262946
140,0,person,0.8338708951232795,0.22949077623027003,0.7794593936348909,0.9993338837317117,0.5243662045501403,0.04126172642405754
140,1,boat,0.6863604859828989,0.11462781344833617,0.8569779207038768,0.9995788289240201,0.3541009355814384,0.019925832078908315
140,2,animal,0.7342941401348437,0.16964606615437894,0.7749444865922144,0.9991875581556688,0.46411616954764967,0.034588925771780576
140,3,seat,0.7207153025805395,0.13173150512480558,0.8090000359930455,0.9992655339928015,0.4236840801352639,0.027853583482457683
140,4,sign,0.7253864866010563,0.13078214182337045,0.791083704095418,0.9994494505461284,0.44421016232172617,0.024915765273584696
140,5,bicycle,0.7310070235869864,0.14090929985647893,0.7968833153821978,0.9994365113094589,0.44169052965355854,0.026070423671971456
140,6,car,0.7492229642947439,0.16772311780505644,0.7615625290417719,0.9992758641063033,0.48568775904102696,0.03261528698419739
140,7,ball,0.6793491697657186,0.1347430929279817,0.8253072166600349,0.9996526774665891,0.38395385741769156,0.017928007703202496
140,8,light,0.7333352526134738,0.14770935014609865,0.7981096251030497,0.9994326445001317,0.44184361603016015,0.02671383560377003
140,9,garbage_can,0.7363055374254898,0.1382146662011441,0.8625310907136022,0.9994384574493276,0.37440587100743183,0.024791186040132984
140,10,uav,0.7119882515753412,0.11276178076927357,0.8472535435689533,0.9994282179002739,0.37822135032810905,0.02412198350786587
140,11,tricycle,0.6155916852030515,0.06333171312186214,0.8324286418039126,0.9994551965774326,0.3434359494960822,0.02060181243175345
150,0,person,0.8396838563611679,0.23530373746815847,0.776545461995125,0.9995171205212607,0.5311957683829287,0.03406584281807753
150,1,boat,0.687247703456759,0.11551503092219628,0.8543399596431597,0.9997100506985094,0.35750493881032186,0.01661879788463923
150,2,animal,0.7382835652378932,0.1736354912574284,0.7719244679053039,0.9994270877215007,0.4693667620257794,0.02851740114081557
150,3,seat,0.7216342665509253,0.1326504690951914,0.8043454217888866,0.9995443288334401,0.42885268594172055,0.021925428446637796
150,4,sign,0.7260675823251704,0.13146323754748457,0.7882301280190208,0.9995882165503599,0.4473638406212368,0.021591192734008915
150,5,bicycle,0.7331895138019584,0.1430917900714509,0.7943040833992281,0.9995882231670946,0.44549451369827126,0.022024965555490515
150,6,car,0.7517138415271964,0.170213995037509,0.7589676782112499,0.9994724532091133,0.48958514706545214,0.027758269096962846
150,7,ball,0.6802461816700847,0.13564010483234779,0.8234374226209701,0.9997552717430864,0.38628897700952386,0.015048644248841725
150,8,light,0.7361579280802141,0.15053202561283896,0.7964246480359294,0.9995593205297953,0.44518301139369715,0.023027775202107838
150,9,garbage_can,0.7374189177114647,0.13932804648711905,0.8605304865398006,0.999600809421044,0.3774076783261237,0.020868469103643286
150,10,uav,0.7122484959284976,0.11302202512242998,0.8439927163376048,0.9996200131207003,0.3820225373801374,0.019665644943482764
150,11,tricycle,0.6150217796242812,0.0627618075430918,0.8292448767678398,0.9996316914293952,0.3463143835746688,0.016949326444250686
160,0,person,0.8457478902470025,0.241367771353993,0.7756206217306036,0.9996581340183014,0.5363234846393374,0.027132416806369852
160,1,boat,0.686633043271111,0.11490037073654824,0.8523114156333311,0.9998108771389707,0.35938624246085765,0.013389440379664797
160,2,animal,0.7405224198872529,0.17587434590678808,0.7677084810875912,0.9996235150640719,0.47454189360171917,0.023278399874406046
160,3,seat,0.7219622540331866,0.13297845657745266,0.8005691426002037,0.9997321318819328,0.43276884320390985,0.01683294785216486
160,4,sign,0.727192821536477,0.13258847675879115,0.7858537871041876,0.999705303982575,0.4502998195969202,0.018206827006590938
160,5,bicycle,0.7350070572842008,0.1449093335536933,0.7927709145044822,0.9996949973691525,0.44806249125543035,0.018731236169245043
160,6,car,0.7537146783723574,0.17221483188266995,0.7569217995647679,0.9996264236036193,0.49267940060413223,0.02339705537340181
160,7,ball,0.6804020360552461,0.1357959592175092,0.8217924192441419,0.9998303287912486,0.38795691361791645,0.012535533999539982
160,8,light,0.7375932106927218,0.15196730822534665,0.7946088608692475,0.9996757101090668,0.44780909270984093,0.01964113230651424
160,9,garbage_can,0.7384312205136808,0.14034034928933514,0.8575920340123507,0.9997494815472432,0.3814237501905237,0.01652806864889801
160,10,uav,0.7132705566179287,0.1140440858118611,0.8405110616290411,0.9997834862386806,0.38644608766860267,0.014841869197754261
160,11,tricycle,0.6143040917510177,0.06204411966982837,0.8265936076672764,0.9997504051578957,0.3485794578809509,0.013916614260811627
170,0,person,0.8502069695841679,0.2458268506911584,0.7723007940663753,0.9997929119940215,0.5426200234939444,0.020583466259131704
170,1,boat,0.6868648240103172,0.11513215147575451,0.8504373937374471,0.9998710244782428,0.36155608006822715,0.011102448702576522
170,2,animal,0.7442109814007254,0.1795629074202606,0.7651820538472913,0.9997466163002476,0.4791575556045258,0.018387892460267327
170,3,seat,0.7227821160911663,0.13379831863543235,0.7981768401138882,0.9998060273853027,0.43558814945536906,0.014282859199097508
170,4,sign,0.7294045614901811,0.1348002167124952,0.7846829009135587,0.999783886617327,0.4527032326763766,0.015320573846438925
170,5,bicycle,0.7351693773193474,0.1450716535888399,0.790061146850105,0.9998167339573806,0.45077475192387034,0.014737095963178388
170,6,car,0.7565943357129528,0.17509448922326531,0.754057265070629,0.9997594884693912,0.4970591118260067,0.01847035678349453
170,7,ball,0.6811832706378689,0.136577193800132,0.8201529009666193,0.9998838354523393,0.3899890280856802,0.010435784573972299
170,8,light,0.7383611039386643,0.15273520147128916,0.7918568001461767,0.9997949215150121,0.45092315455534954,0.015731044162218284
170,9,garbage_can,0.7378544815822066,0.1397636103578609,0.8558004032794394,0.9998458060756331,0.38315217996984235,0.012969916511131638
170,10,uav,0.713478853730807,0.11425238292473938,0.8388069281366747,0.9998597311688213,0.3884393143319996,0.011952885158368247
170,11,tricycle,0.6138073584325677,0.06154738635137835,0.824087732044033,0.9998403911725453,0.3507848290956463,0.011123611795589997
180,0,person,0.852467624124898,0.2480875052318885,0.7708008970871597,0.9998615287707959,0.5456379801139526,0.016710248148877043
180,1,boat,0.687187873818955,0.11545520128439224,0.8482742356914224,0.9999320444989985,0.3640773197260103,0.008173319486824376
180,2,animal,0.7456493628952888,0.18100128891482403,0.7625489806712169,0.9998369155626529,0.482399443793519,0.014773311703319034
180,3,seat,0.7227046801379022,0.1337208826821683,0.7960784865018533,0.9998717713070204,0.4375891756880427,0.011634508049424964
180,4,sign,0.7303729247506373,0.13576857997295144,0.7818215074025158,0.9998722637900102,0.4559994413831482,0.011730562648662658
180,5,bicycle,0.736871297054928,0.14677357332442054,0.7869560776611937,0.9999086176206925,0.45477091701704203,0.010295523948005564
180,6,car,0.7587545744433564,0.17725472795366892,0.7516554514512318,0.999848356695847,0.5005659303481953,0.014465247714014603
180,7,ball,0.6808388537018354,0.13623277686409851,0.8182811126920717,0.9999316414481437,0.3915585399039308,0.007995069751258846
180,8,light,0.7395243499775426,0.15389844751016746,0.789894228192592,0.999871839219141,0.4535106246483202,0.01239428507209761
180,9,garbage_can,0.7389672310504624,0.14087635982611668,0.854099612449947,0.9999004848238482,0.3857631494646211,0.010440689607167751
180,10,uav,0.713525052919331,0.11429858211326338,0.8371433425892641,0.9999062883461349,0.3902911224189262,0.009774384195089626
180,11,tricycle,0.6134821482500091,0.06122217616881975,0.8217817079077708,0.9999053544397041,0.35285896901883745,0.008586728484312361
190,0,person,0.8562919877021805,0.25191186880917105,0.7689302718525526,0.9999141729616637,0.5501169931255724,0.012267146377517382
190,1,boat,0.686569113552968,0.11483644101840529,0.8466135287347085,0.9999661124258421,0.36552184151018047,0.005744310868507131
190,2,animal,0.7473480644420613,0.18269999046159646,0.7612867413364925,0.9998822944976454,0.4846110355064297,0.012261470852675878
190,3,seat,0.7234149359145293,0.1344311384587954,0.7940820464119819,0.9999258341541742,0.43993936050277715,0.008821559074471746
190,4,sign,0.7301951699696999,0.13559082519201404,0.7803291856382256,0.9999224248201719,0.45731498896184386,0.009186999678327661
190,5,bicycle,0.7375413528637752,0.1474436291332677,0.785593970587498,0.9999458440724908,0.4564732630293594,0.007908208447389186
190,6,car,0.7598218527752576,0.17832200628557016,0.7489330485821977,0.9999117940829582,0.5036464226156808,0.011162807315554886
190,7,ball,0.6800338337137746,0.1354277568760377,0.8168557486489324,0.9999607929604467,0.3924230227771277,0.006021918794304271
190,8,light,0.73907548663982,0.15344958417244492,0.7886023478677816,0.9999185694337778,0.454468676458669,0.010276778518129054
190,9,garbage_can,0.7388272511962327,0.14073637997188704,0.852778076625602,0.999943917731838,0.3871915463153438,0.007838459529876614
190,10,uav,0.7145530549422182,0.1153265841361506,0.8352626621052222,0.9999467370965549,0.39290506857585955,0.0075078734972533765
190,11,tricycle,0.6131203276570124,0.06086035557582303,0.8198338091934285,0.9999467411638532,0.3545605467485738,0.006448643408781064
200,0,person,0.8571474109873937,0.2527672920943842,0.7681018955412893,0.9999403772872112,0.5515048646834803,0.010212296989834216
200,1,boat,0.6866588535003861,0.11492618096582341,0.8454903815983057,0.9999805192593573,0.36677573161254295,0.004431057651557742
200,2,animal,0.749052498754727,0.18440442477426222,0.7591371194606299,0.9999359297332507,0.48759758888791255,0.00886853527441775
200,3,seat,0.7237685937365655,0.13478479628083162,0.7923469708652726,0.9999512562615952,0.44182227175399774,0.007146451179443926
200,4,sign,0.7299272948934743,0.13532295011578843,0.7795297150448594,0.9999417626525556,0.4579174806082423,0.008028557717857356
200,5,bicycle,0.7386293697230739,0.1485316459925664,0.7841858069823603,0.9999651281618904,0.4584677885174586,0.006220263820529964
200,6,car,0.7615653393427781,0.1800654928530907,0.7471503701025939,0.9999433985783195,0.5063324635113304,0.00864158381157402
200,7,ball,0.6803094125105194,0.13570333567278248,0.8157845597620229,0.9999765253237766,0.39359785618356524,0.004667715517403577
200,8,light,0.7404561821798512,0.1548302797124761,0.7872441057983578,0.9999445099376556,0.4566040171239289,0.008248371844390276
200,9,garbage_can,0.7385324434434951,0.14044157221914944,0.851712227686813,0.9999667619664703,0.388231985353606,0.006024326983664374
200,10,uav,0.7138088432426383,0.11458237243657066,0.8340378257684852,0.9999749334009258,0.3938326656329346,0.005099982595767897
200,11,tricycle,0.6128070138815958,0.060547041800406376,0.8181902986050625,0.9999725928326564,0.355984854639908,0.0046344119991111295
210,0,person,0.8580359298413338,0.25365581094832435,0.7668217365356255,0.9999665824309962,0.553339291583153,0.007699146267600854
210,1,boat,0.6861771894839441,0.1144445169493814,0.8445002952487276,0.9999921658632046,0.3675672733210574,0.002792948844144418
210,2,animal,0.7500369481126103,0.18538887413214555,0.7565344279405751,0.999967398346457,0.49049744429180164,0.006261951305545615
210,3,seat,0.7233881663596956,0.13440436890396168,0.7912625793568211,0.9999724616871641,0.442646018027288,0.005386189114535388
210,4,sign,0.7302627030351411,0.1356583582574552,0.7786433051135493,0.9999729627780246,0.4589521071050627,0.005500646417186244
210,5,bicycle,0.7388560767520432,0.14875835302153573,0.7832647033501473,0.9999783636197157,0.4594791085106865,0.004893026494730039
210,6,car,0.7625657250948688,0.1810658786051813,0.7461804070338601,0.9999739158502249,0.5078269752601663,0.005852972047294393
210,7,ball,0.6804794825378915,0.1358734057001546,0.8147890954911693,0.9999884391818509,0.3946357924173755,0.0032989718931617494
210,8,light,0.7423962502203009,0.15677034775292575,0.786139602009406,0.9999732845532132,0.458841589516368,0.00547417627664805
210,9,garbage_can,0.7381888513070253,0.1400979800826796,0.8507468913449397,0.9999802316691675,0.3891261195714087,0.0046438821651804225
210,10,uav,0.7127339517296284,0.11350748092356078,0.8334646272251909,0.9999814390804398,0.39387157386377075,0.004359758018739024
210,11,tricycle,0.6125210760529501,0.060261103971760765,0.8168644366158289,0.9999871195405293,0.35711378330184174,0.0031798563975851675
220,0,person,0.8590876644661563,0.2547075455731468,0.766387421826309,0.9999819099879144,0.5544965997868607,0.005581097009352664
220,1,boat,0.6860283379544762,0.11429566541991343,0.8440445424657543,0.9999964044467247,0.3679710588104141,0.0019076470024342186
220,2,animal,0.7504775783678104,0.18582950438734558,0.7559644331379228,0.9999841625692303,0.4912794917238528,0.00437434442806876
220,3,seat,0.7236468317756358,0.1346630343199019,0.7903130805020216,0.9999887469401814,0.44370945627730424,0.003437019595088541
220,4,sign,0.7310971169299426,0.13649277215225675,0.7775664224895639,0.9999868311137213,0.4604563439801487,0.003768043324499296
220,5,bicycle,0.7388896925607865,0.148791968830279,0.782935425105661,0.9999883999830782,0.4598116941183275,0.0035972919487458695
220,6,car,0.7634890427044024,0.181989196214715,0.7447640854092599,0.9999876298083997,0.5096602918924725,0.003939116763348159
220,7,ball,0.680315484734941,0.1357094078972041,0.8138445104891177,0.9999959261100142,0.3954234827219323,0.0019594417660453944
220,8,light,0.7425772466914909,0.15695134422411583,0.7857750315451334,0.999983146284835,0.4592981677453078,0.004343909502540883
220,9,garbage_can,0.7384784052360518,0.14038753401170612,0.8498654101959734,0.9999899878548689,0.3902956674495912,0.0033079920415316653
220,10,uav,0.7129980547879,0.1137715839818324,0.8324698936498652,0.9999928753759239,0.3950918212727961,0.002693899026612644
220,11,tricycle,0.6122556207710054,0.059995648689815995,0.8157411697086103,0.9999951420405245,0.3580562017027072,0.0019514792945012295
230,0,person,0.8599630042848261,0.2555828853918166,0.7657136555570457,0.9999921988739702,0.5557523812330872,0.0036108187653398236
230,1,boat,0.6858271382039777,0.11409446566941495,0.84350482243509,0.9999985978007077,0.3684346987040637,0.0011883225032564653
230,2,animal,0.751235958387891,0.18658788440742624,0.7552572865460486,0.9999929734349783,0.4923889662672838,0.0028407974477705007
230,3,seat,0.7238463606258395,0.1348625631701056,0.7894604378291415,0.999994518129692,0.44464386307483106,0.0023970622558199513
230,4,sign,0.730576454977737,0.13597211020005118,0.776537777963776,0.999993841466096,0.46112270774926883,0.0027052940978332563
230,5,bicycle,0.7392464262999703,0.14914870256946278,0.781657209214259,0.9999954483652453,0.46123709009846275,0.0022362874787090307
230,6,car,0.7645052205000799,0.1830053740103924,0.7437986087363344,0.9999959033940279,0.5111600316774313,0.002188433020522252
230,7,ball,0.6803367429580642,0.13573066612032736,0.8133296351520397,0.9999983412307487,0.3959183628098785,0.0012713930383991506
230,8,light,0.7430176521249615,0.1573917496575864,0.7841728512557308,0.9999941968609298,0.4610835745094139,0.0025326719110664304
230,9,garbage_can,0.73848749196764,0.1403966207432943,0.8491816197510288,0.9999963400641629,0.3910740697504135,0.0020047272081163046
230,10,uav,0.7128590836554203,0.11363261284935267,0.8315706844631552,0.9999972097616407,0.39598770443429465,0.0017026096900597467
230,11,tricycle,0.6121092103322521,0.0598492382510627,0.814859730728156,0.9999987376819865,0.35882144477152433,0.0010076406647204722
240,0,person,0.860556634364534,0.25617651547152454,0.7651596866806406,0.9999977449955775,0.55669458484815,0.0019318478585444187
240,1,boat,0.6857278172482127,0.11399514471365002,0.8432860785642693,0.9999994270878803,0.3686125585803452,0.0007624559108807299
240,2,animal,0.751501708875772,0.18685363489530715,0.7548520290285866,0.9999966677929116,0.4929132940279745,0.001942855607494541
240,3,seat,0.7238532947001518,0.13486949724441788,0.7884047278413526,0.9999994097457121,0.44565898768275314,0.0007879582907169483
240,4,sign,0.7311916838112931,0.1365873390336072,0.7761004734816611,0.9999986893599712,0.46189347737927616,0.0012087249648260255
240,5,bicycle,0.739436656757911,0.14933893302740353,0.78117352117161,0.9999990488208602,0.4618090075374526,0.0010203479850750244
240,6,car,0.7643687261184237,0.18286887962873621,0.7433059605773403,0.999998999139774,0.5114996704265211,0.001092947045320879
240,7,ball,0.680035299255091,0.1354292224173541,0.812607671959082,0.9999998052795017,0.3964127647248642,0.0004246801535186693
240,8,light,0.7431689394407952,0.1575430369734201,0.7840807331953088,0.999998959926506,0.46126362850998964,0.0010742477645396438
240,9,garbage_can,0.7384522158744085,0.14036134465006278,0.8485792983615177,0.999998865011028,0.3917329502775728,0.0011202400080136407
240,10,uav,0.7131834791348008,0.11395700832873323,0.8312122237936497,0.9999994250026426,0.39655006518736835,0.0007684561831486833
240,11,tricycle,0.611935697558256,0.05967572547706668,0.8141908672600193,0.9999998772534429,0.3593726337581934,0.00031645951030445245
250,0,person,0.861366624233088,0.2569865053400785,0.7645988042603621,0.999997065962873,0.5577978385611209,0.0020946101304229526
250,1,boat,0.685568602868455,0.11383593033389228,0.8429330045049681,0.9999997246720137,0.368899982160219,0.0005109246317428674
250,2,animal,0.7515399192962442,0.1868918453157794,0.7541969027031666,0.9999963917068879,0.49350216591226787,0.0020200098227280486
250,3,seat,0.724156613831304,0.1351728163755701,0.7882362995768425,0.999998429523067,0.4459967714992499,0.0013305171127399827
250,4,sign,0.731435935016153,0.13683159023846714,0.7754363477757714,0.9999994445587508,0.4626608681461915,0.0007709220883451215
250,5,bicycle,0.739450551776108,0.14935282804560046,0.7806188265623168,0.9999992736611704,0.46234119233928955,0.0008923793390649349
250,6,car,0.764382260956509,0.18288241446682152,0.7431870558477293,0.9999986991125149,0.5116117740492286,0.0012414277769071053
250,7,ball,0.6801598701284983,0.13555379329076145,0.8126156516640363,0.999999527493404,0.3964799504603617,0.0006700142609568375
250,8,light,0.7433475376657745,0.15772163519839943,0.7836380856978591,0.9999990754924117,0.4617910752965493,0.0010413467034391557
250,9,garbage_can,0.7384524693333248,0.14036159810897908,0.8479291358480681,0.9999995880514216,0.3924654445043109,0.0006830668808237623
250,10,uav,0.7130795916913585,0.11385312088529087,0.8304953870269084,0.9999995768200826,0.39726549813048834,0.0006566551496668964
250,11,tricycle,0.6117571287059931,0.059497156624803704,0.813748011687717,0.9999998891736178,0.35970821267422476,0.00030113241648232976
260,0,person,0.8617824336786442,0.2574023147856347,0.7643701271940256,0.9999959199222986,0.5583089132244172,0.0025333618363137713
260,1,boat,0.685413220500157,0.11368054796559424,0.8426154776244388,0.999999373929365,0.3691514574240189,0.0007745887596633151
260,2,animal,0.7519050690683713,0.1872569950879065,0.7540381694238166,0.9999921245132397,0.4938796940500356,0.0029987000235349236
260,3,seat,0.7237551876350684,0.13477139017933448,0.7876681345881426,0.9999990615858633,0.44630596709832077,0.0009927872163234483
260,4,sign,0.7317577411532497,0.13715339637556379,0.7753299374046608,0.9999986685755379,0.46294901223119606,0.0012367440005781722
260,5,bicycle,0.7394462681501299,0.14934854441962242,0.7803359300354693,0.9999985556164815,0.46260552397308846,0.0012574361316169558
260,6,car,0.7645130695176316,0.1830132230279442,0.7429548045320639,0.9999970235853628,0.5118984664149113,0.001865352593152355
260,7,ball,0.6801752642716311,0.13556918743389423,0.8124291310559698,0.9999987233139844,0.3966633982907465,0.0010938302404645361
260,8,light,0.743364414711845,0.1577385122444699,0.7833399951625322,0.9999981171071478,0.4620823906074904,0.0014669676012253208
260,9,garbage_can,0.7385224111689948,0.14043153994464908,0.8476748782580521,0.9999989181644585,0.3927926933964171,0.0011047576454942887
260,10,uav,0.7133752394948342,0.11414876868876656,0.8302505631084007,0.9999984365542951,0.3976891430800578,0.0012891828528668126
260,11,tricycle,0.6116908449890308,0.05943087290784144,0.8134172775949384,0.9999995049835944,0.35998879369483716,0.0006279203609437829
270,0,person,0.8621148759387137,0.25773475704570425,0.7642131217021588,0.9999948651529016,0.5586934723186052,0.002914950187859393
270,1,boat,0.6853832987377945,0.11365062620323174,0.8425313247683546,0.9999992486867259,0.3692242721487855,0.0008514727269412612
270,2,animal,0.7519974559937,0.18734938201323525,0.7538075653292285,0.9999891060261916,0.4941389056529412,0.0035312356911404064
270,3,seat,0.723820132283447,0.13483633482771307,0.7875355943411391,0.9999987085498601,0.4464703556555364,0.0011633724654883085
270,4,sign,0.7316190309676577,0.1370146861899718,0.7749641012171479,0.9999980226733972,0.46321160653253246,0.0014663563597284972
270,5,bicycle,0.7394457747198476,0.14934805098934012,0.7801898057999987,0.9999979177697759,0.46274303532511024,0.0015094996310168328
270,6,car,0.7646157938580195,0.18311594736833203,0.742800745144322,0.999996004185302,0.5120989709614703,0.002163261600304796
270,7,ball,0.6800562881009524,0.13545021126321555,0.8121670489723667,0.9999986468058191,0.39683678034133657,0.0011187750875843166
270,8,light,0.7435716106068132,0.1579457081394381,0.7831607845188977,0.9999964750510572,0.46237884812319385,0.002030066057062245
270,9,garbage_can,0.7386708198178986,0.14057994859355294,0.8475876987651789,0.9999983572091209,0.3929782135124999,0.0013836562117292915
270,10,uav,0.7135383084331273,0.11431183762705965,0.8300621399497697,0.9999974575367866,0.3979801655027212,0.0016650345161101842
270,11,tricycle,0.6116488245701681,0.05938885248897874,0.8132032600735072,0.9999990734890479,0.36017060482470475,0.0008555332064857055
280,0,person,0.8623562488006805,0.25797612990767105,0.7641073562361327,0.9999942006963711,0.5589650402915475,0.0031615059004659715
280,1,boat,0.6853329132371053,0.1136002407025426,0.8424525281905209,0.9999990412307767,0.3692800967706806,0.0009676334311496396
280,2,animal,0.7520823867182861,0.1874343127378213,0.7536493258478814,0.9999897690821302,0.49433096005932,0.0034344567046677025
280,3,seat,0.7238264928180044,0.13484269536227045,0.7872952128057923,0.9999981714178656,0.44670353209132846,0.0013843780492694207
280,4,sign,0.7317039866520114,0.13709964187432555,0.7749799360984128,0.9999979913483136,0.4632464103263338,0.001490804170067165
280,5,bicycle,0.7394029058836097,0.14930518215310218,0.780067227709073,0.9999971806999233,0.462832755294453,0.0017557701674918071
280,6,car,0.7646485776918747,0.18314873120218722,0.7427047174669463,0.9999953155290786,0.5122036373187335,0.0023435069510412527
280,7,ball,0.6800693293031258,0.13546325246538893,0.8120611064971477,0.9999982754344965,0.3969434558892133,0.0012631269052143094
280,8,light,0.7436764758095089,0.1580505733421338,0.7829208683414802,0.9999955028796257,0.46266936783960266,0.002303662204553763
280,9,garbage_can,0.738588296833408,0.1404974256090623,0.8473986265146234,0.9999979916640886,0.3931420590697991,0.0015039922285142624
280,10,uav,0.7135910980600324,0.11436462725396479,0.8300505263115474,0.9999971202183672,0.3980213149986637,0.0017787713387552976
280,11,tricycle,0.6116000776074986,0.059340105526309195,0.8130668895845248,0.99999874321563,0.3602764785538821,0.0010002802348303187
290,0,person,0.8623325807064877,0.2579524618134782,0.7639586095495469,0.9999934432164329,0.5590867581706701,0.0033263872683925036
290,1,boat,0.6853625320858132,0.11362985955125049,0.8424569481041473,0.9999989167909662,0.3692917439750078,0.0010212790235362844
290,2,animal,0.7520421868899145,0.18739411290944974,0.7535514755492093,0.9999886271380762,0.49438845907541057,0.0036123330252172195
290,3,seat,0.7237559870596207,0.13477218960388682,0.787167600214623,0.9999977124636489,0.44678425200000327,0.0015488853587072337
290,4,sign,0.7316429156047183,0.1370385708270324,0.7748356016321993,0.9999976711615632,0.4633462359695042,0.0015924395080103824
290,5,bicycle,0.7394406736082695,0.14934294987776198,0.7799232237189516,0.9999967622147565,0.46299126537668744,0.0018819597989627325
290,6,car,0.7646113627390596,0.18311151624937216,0.7425804191249199,0.9999946578713698,0.5122873521143171,0.0025005830144427046
290,7,ball,0.6801020640540967,0.1354959872163598,0.8120435567371422,0.9999980654280824,0.3969794432530346,0.0013386868938066894
290,8,light,0.7438146363800354,0.1581887339126603,0.7830054051093868,0.999995226975299,0.4626749568735056,0.002406687394516007
290,9,garbage_can,0.738658866264739,0.1405679950403933,0.8473569596416637,0.999997730210633,0.393230480148323,0.0016093897111285232
290,10,uav,0.7135542582504166,0.11432778744434902,0.8299394207891911,0.9999970051109465,0.39812064997753105,0.0018018873049948385
290,11,tricycle,0.6115884320318192,0.05932845995062985,0.8130015746354226,0.999998556072367,0.36033245144566084,0.0010707189541521896
