epoch,dW,dWm,gt_med,ctr,gm,live_dead,w0_dead,wf_dead
0,0.0,0.0,-2.281585103445671,6.277280524192195,-8.669827315416116,0.14772727272727273,0.14772727272727273,0.4113636363636364
10,0.6988063059950824,0.191058543070971,-1.107091110554486,8.517652891076215,-9.731468582984846,0.11818181818181818,0.048484848484848485,0.14696969696969697
20,0.8842331490276755,0.23952733764541034,-0.7212477716872172,8.738771988213635,-9.629092904127786,0.13333333333333333,0.041666666666666664,0.1553030303030303
30,1.0075337458067264,0.27160119900456087,-0.4957704535778369,9.357352590192697,-10.352182387246156,0.15454545454545454,0.04696969696969697,0.1765151515151515
40,1.096747591602539,0.2948655793992055,-0.40861602682629083,9.932720379970686,-10.704203181350026,0.175,0.051515151515151514,0.1946969696969697
50,1.167340480766393,0.3128310987115579,-0.2049292711336559,10.110976032137614,-10.71736097322546,0.1734848484848485,0.04621212121212121,0.2
60,1.2223878752415769,0.3266816887313234,-0.5186528742290069,10.46408541341033,-11.278117765695313,0.175,0.056818181818181816,0.19393939393939394
70,1.276562654524738,0.34063200966951174,-0.33296783616513626,10.697709494800925,-11.551349335855402,0.21893939393939393,0.05227272727272727,0.23787878787878788
80,1.3186872344825784,0.35131597361173056,-0.11581123230156631,10.912074872913415,-11.596434240535796,0.2053030303030303,0.05909090909090909,0.21893939393939393
90,1.3535480657915375,0.3600504437165131,-0.012922476704999575,11.16541871346276,-11.760701243111862,0.22272727272727272,0.06439393939393939,0.23787878787878788
100,1.3831040758816857,0.36771047004436574,-0.1135775186387713,11.230712811075627,-11.874377810239864,0.22424242424242424,0.055303030303030305,0.23939393939393938
110,1.4093869158574466,0.37427244264327403,-0.17051925052430494,11.28488005699814,-11.957166022204408,0.23106060606060605,0.0659090909090909,0.24621212121212122
120,1.4320968821092195,0.38006966868437486,-0.10919047652877722,11.635235244111632,-12.521209393717157,0.24166666666666667,0.06287878787878788,0.2553030303030303
130,1.453044198684172,0.3855615896704,0.054439425200207836,11.740193146233006,-12.316332631662974,0.23333333333333334,0.06212121212121212,0.24696969696969698
140,1.472206148056415,0.3905156491995572,-0.12756424655090015,11.977191976472074,-12.712652922179059,0.2590909090909091,0.07045454545454545,0.27045454545454545
150,1.4860048477049592,0.3939989507445862,0.06255891173786488,12.028808554603575,-12.893186660484531,0.26590909090909093,0.06742424242424243,0.2765151515151515
160,1.4976378039878535,0.3970462187007722,-0.23504210650608304,12.278044171279197,-13.242055707102914,0.275,0.0659090909090909,0.2803030303030303
170,1.5085946990713028,0.3998342745370325,-0.30573761174066494,12.154247832577004,-13.16306255931352,0.29015151515151516,0.07272727272727272,0.29318181818181815
180,1.5180331797581037,0.40242124092566234,-0.20813505088840323,12.419659892522894,-13.45487749244294,0.31287878787878787,0.07121212121212121,0.3181818181818182
190,1.525233245065516,0.40430069274166547,-0.640169673780508,12.609552206514962,-13.799441893236425,0.31363636363636366,0.07727272727272727,0.3159090909090909
200,1.530965067494004,0.4058544606840468,0.18545612754794139,12.743351826696072,-13.51339292481094,0.28106060606060607,0.06818181818181818,0.2840909090909091
210,1.5355184328154596,0.407073021058514,-0.27007858852213573,12.67266637317725,-13.865929154691361,0.3,0.07651515151515151,0.3015151515151515
220,1.5389120469323556,0.4079436940153638,-0.4124225937878965,12.84631861971367,-13.97839646846095,0.325,0.07651515151515151,0.32651515151515154
230,1.5424868590723593,0.40892422759301617,-0.4555171486999665,12.746312902914699,-14.126245590976644,0.3340909090909091,0.0803030303030303,0.3340909090909091
240,1.5444633851469591,0.40942744745459697,-0.3625417124788415,12.923048958021786,-14.219483473849316,0.3340909090909091,0.08333333333333333,0.3340909090909091
250,1.546263414047922,0.4099476406838746,-0.4193020679694577,13.007574190497362,-14.299930356696509,0.34015151515151515,0.08257575757575758,0.3386363636363636
260,1.547368793006098,0.410239619603924,-0.5709224828037982,12.947991693846607,-14.272596976087787,0.3431818181818182,0.08181818181818182,0.3424242424242424
270,1.5481382507304324,0.41044793556126236,-0.7688030126424392,12.897783101434602,-14.396672267269954,0.34545454545454546,0.08409090909090909,0.34545454545454546
280,1.5486409040974682,0.4105815924335451,-0.7526679490642127,12.987210350470267,-14.463167301702855,0.3462121212121212,0.0856060606060606,0.34545454545454546
290,1.5489060723862524,0.4106525215536573,-0.906780158626348,12.846864596747896,-14.461748623767523,0.35,0.0893939393939394,0.34924242424242424
