cf_type,level,n_cand,n_observed_pos,observed_hit_rate,n_cf_topk,cf_hit_rate,delta
cls_only,1e-06,217025,304,0.001400760281073609,246,0.0011335099642898283,-0.00026725031678378076
cls_only,1e-05,217025,304,0.001400760281073609,277,0.0012763506508466766,-0.0001244096302269325
cls_only,0.0001,217025,304,0.001400760281073609,300,0.0013823292247436931,-1.843105632991595e-05
cls_only,0.001,217025,304,0.001400760281073609,381,0.0017555581154244902,0.00035479783435088115
cls_only,0.01,217025,304,0.001400760281073609,723,0.0033314134316323003,0.0019306531505586912
cls_only,0.1,217025,304,0.001400760281073609,1807,0.008326229697039512,0.006925469415965903
ciou_only,0.3,217025,304,0.001400760281073609,155,0.0007142034327842414,-0.0006865568482893676
ciou_only,0.4,217025,304,0.001400760281073609,212,0.000976845985485543,-0.000423914295588066
ciou_only,0.5,217025,304,0.001400760281073609,252,0.0011611565487847021,-0.00023960373228890694
ciou_only,0.6,217025,304,0.001400760281073609,276,0.0012717428867641976,-0.00012901739430941144
ciou_only,0.7,217025,304,0.001400760281073609,302,0.001391544752908651,-9.215528164958084e-06
ciou_only,0.8,217025,304,0.001400760281073609,341,0.0015712475521253311,0.00017048727105172207
ciou_only,0.9,217025,304,0.001400760281073609,397,0.0018292823407441538,0.00042852205967054474
