fixed,value,align,relative_to_cls1
CIoU=0.7,1e-06,0.00011764899999999997,0.001
CIoU=0.7,1e-05,0.00037203880444114954,0.0031622776601683794
CIoU=0.7,0.0001,0.0011764899999999997,0.01
CIoU=0.7,0.001,0.003720388044411495,0.03162277660168379
CIoU=0.7,0.01,0.011764899999999997,0.1
CIoU=0.7,0.1,0.037203880444114955,0.31622776601683794
CIoU=0.7,0.5,0.0831904056998161,0.7071067811865476
CIoU=0.7,1.0,0.11764899999999996,1.0
cls=0.1,0.3,0.0002305300414262748,0.0007289999999999998
cls=0.1,0.4,0.0012952689296049688,0.0040960000000000015
cls=0.1,0.5,0.004941058844013093,0.015625
cls=0.1,0.6,0.014753922651281587,0.04665599999999999
cls=0.1,0.7,0.037203880444114955,0.11764899999999996
cls=0.1,0.8,0.082897211494718,0.2621440000000001
cls=0.1,0.9,0.1680564001997544,0.531441
cls=0.1,0.95,0.23245646638943745,0.7350918906249998
