image_stem,gt_id,gt_class_name,in_collapse,in_wrong_class,head_n_pos,best_assign_iou,TARGET_PEAK,inference_gt_class_score,final_any_iou,score_bucket,sample_scope,align_mult_if_cls_to_0.001,align_mult_if_cls_to_0.01,align_mult_if_cls_to_0.1
000002_083_00000169,0,sign,1,0,10,0.665278,0.665278,2.004736e-06,0.0,COLLAPSED,VALIDATION_GT_NOT_TRAINING_CANDIDATE,22.334,70.627,223.343
000002_083_00000169,1,bicycle,1,1,10,0.658467,0.658467,2.69859e-07,0.032131,COLLAPSED,VALIDATION_GT_NOT_TRAINING_CANDIDATE,60.874,192.5,608.74
000006_011_00000409,10,animal,1,0,10,0.872054,0.872054,9.382845e-06,0.0,COLLAPSED,VALIDATION_GT_NOT_TRAINING_CANDIDATE,10.324,32.646,103.236
000012_008_00000163,13,animal,1,0,10,0.533444,0.533444,3.23821e-06,0.0,COLLAPSED,VALIDATION_GT_NOT_TRAINING_CANDIDATE,17.573,55.571,175.731
000012_008_00000163,14,animal,1,0,10,0.531822,0.531822,1.943287e-06,0.0,COLLAPSED,VALIDATION_GT_NOT_TRAINING_CANDIDATE,22.685,71.735,226.846
000012_019_00000151,4,person,1,0,10,0.710937,0.710937,7.5085e-08,0.0,COLLAPSED,VALIDATION_GT_NOT_TRAINING_CANDIDATE,115.405,364.942,1154.047
000012_019_00000151,5,person,1,0,10,0.831793,0.831793,4.144e-09,0.0,COLLAPSED,VALIDATION_GT_NOT_TRAINING_CANDIDATE,491.236,1553.424,4912.359
000012_022_00000090,0,animal,1,0,10,0.65715,0.65715,1.3183e-07,0.0,COLLAPSED,VALIDATION_GT_NOT_TRAINING_CANDIDATE,87.095,275.418,870.949
000012_022_00000090,1,animal,1,0,10,0.698702,0.698702,1.41689e-07,0.0,COLLAPSED,VALIDATION_GT_NOT_TRAINING_CANDIDATE,84.01,265.664,840.102
000012_025_00000313,3,animal,1,0,10,0.704611,0.704611,1.199044e-06,0.0,COLLAPSED,VALIDATION_GT_NOT_TRAINING_CANDIDATE,28.879,91.323,288.79
000012_025_00000313,6,animal,1,0,8,0.731697,0.731697,1.055107e-06,0.0,COLLAPSED,VALIDATION_GT_NOT_TRAINING_CANDIDATE,30.786,97.354,307.859
000013_056_00000281,9,animal,1,0,10,0.717781,0.717781,9.781364e-06,0.0,COLLAPSED,VALIDATION_GT_NOT_TRAINING_CANDIDATE,10.111,31.974,101.111
000016_044_00000085,1,person,1,1,10,0.804805,0.804805,1.653989e-06,0.037423,COLLAPSED,VALIDATION_GT_NOT_TRAINING_CANDIDATE,24.589,77.756,245.886
000017_011_00000297,13,garbage_can,0,1,10,0.809165,0.809165,3.4238699e-05,0.266995,LOW,VALIDATION_GT_NOT_TRAINING_CANDIDATE,5.404,17.09,54.043
000019_041_00000141,2,ball,0,1,10,0.903578,0.903578,9.5298979e-05,0.041826,LOW,VALIDATION_GT_NOT_TRAINING_CANDIDATE,3.239,10.244,32.393
000019_045_00000145,4,person,1,1,10,0.836799,0.836799,4.9239e-08,0.092137,COLLAPSED,VALIDATION_GT_NOT_TRAINING_CANDIDATE,142.51,450.656,1425.1
000019_045_00000145,5,person,1,0,10,0.753705,0.753705,8.74618e-07,0.0,COLLAPSED,VALIDATION_GT_NOT_TRAINING_CANDIDATE,33.814,106.928,338.136
000020_018_00000093,3,light,1,0,10,0.56434,0.56434,1.90952e-07,0.0,COLLAPSED,VALIDATION_GT_NOT_TRAINING_CANDIDATE,72.367,228.843,723.666
000173,1,sign,1,0,10,0.940084,0.940084,7.0005e-07,0.0,COLLAPSED,VALIDATION_GT_NOT_TRAINING_CANDIDATE,37.795,119.519,377.951
000415,17,person,1,0,9,0.511306,0.511306,4.57525e-06,0.0,COLLAPSED,VALIDATION_GT_NOT_TRAINING_CANDIDATE,14.784,46.751,147.84
000433,7,animal,1,0,10,0.686037,0.686037,2.55781e-07,0.0,COLLAPSED,VALIDATION_GT_NOT_TRAINING_CANDIDATE,62.527,197.727,625.268
000437,2,animal,1,0,10,0.652857,0.652857,2.141251e-06,0.0,COLLAPSED,VALIDATION_GT_NOT_TRAINING_CANDIDATE,21.611,68.339,216.106
000738,3,person,1,0,10,0.546712,0.546712,2.661534e-06,0.0,COLLAPSED,VALIDATION_GT_NOT_TRAINING_CANDIDATE,19.384,61.296,193.836
000889,13,person,0,1,10,0.948015,0.948015,6.4983098e-05,0.002369,LOW,VALIDATION_GT_NOT_TRAINING_CANDIDATE,3.923,12.405,39.228
000889,9,sign,1,1,10,0.717805,0.717805,4.078e-09,0.073921,COLLAPSED,VALIDATION_GT_NOT_TRAINING_CANDIDATE,495.195,1565.945,4951.952
000943,4,person,1,0,6,0.722054,0.722054,2.79016e-07,0.0,COLLAPSED,VALIDATION_GT_NOT_TRAINING_CANDIDATE,59.867,189.315,598.667
001033,2,sign,0,1,10,0.82621,0.82621,1.1208921e-05,0.012214,LOW,VALIDATION_GT_NOT_TRAINING_CANDIDATE,9.445,29.869,94.454
001033,9,bicycle,0,1,10,0.740317,0.740317,3.4156485e-05,0.486912,LOW,VALIDATION_GT_NOT_TRAINING_CANDIDATE,5.411,17.111,54.108
001035,7,sign,0,1,10,0.831276,0.831276,7.1712195e-05,0.011313,LOW,VALIDATION_GT_NOT_TRAINING_CANDIDATE,3.734,11.809,37.343
001035,9,sign,0,1,10,0.878362,0.878362,0.001165951835,0.006909,NORMAL,VALIDATION_GT_NOT_TRAINING_CANDIDATE,0.926,2.929,9.261
001114,10,sign,1,0,10,0.543459,0.543459,2.10481e-07,0.0,COLLAPSED,VALIDATION_GT_NOT_TRAINING_CANDIDATE,68.928,217.968,689.277
002331,18,car,0,1,10,0.745381,0.745381,3.1338968e-05,0.254619,LOW,VALIDATION_GT_NOT_TRAINING_CANDIDATE,5.649,17.863,56.488
002357,3,animal,1,0,10,0.707552,0.707552,1.730228e-06,0.0,COLLAPSED,VALIDATION_GT_NOT_TRAINING_CANDIDATE,24.041,76.024,240.408
002517,1,sign,1,1,10,0.705557,0.705557,1.02769e-07,0.467566,COLLAPSED,VALIDATION_GT_NOT_TRAINING_CANDIDATE,98.644,311.938,986.436
002517,2,sign,1,1,10,0.62857,0.62857,2.064e-09,0.152633,COLLAPSED,VALIDATION_GT_NOT_TRAINING_CANDIDATE,696.058,2201.127,6960.576
002584,4,light,1,0,9,0.760889,0.760889,1.21782e-07,0.0,COLLAPSED,VALIDATION_GT_NOT_TRAINING_CANDIDATE,90.617,286.555,906.167
002584,6,light,1,0,10,0.574593,0.574593,1.411016e-06,0.0,COLLAPSED,VALIDATION_GT_NOT_TRAINING_CANDIDATE,26.622,84.185,266.216
002627,11,bicycle,1,1,10,0.590154,0.590154,1.99758e-07,0.306889,COLLAPSED,VALIDATION_GT_NOT_TRAINING_CANDIDATE,70.753,223.742,707.535
002839,4,person,1,0,10,0.653575,0.653575,3.0606e-08,0.0,COLLAPSED,VALIDATION_GT_NOT_TRAINING_CANDIDATE,180.758,571.606,1807.577
002842,3,person,1,0,10,0.786745,0.786745,1.69243e-07,0.0,COLLAPSED,VALIDATION_GT_NOT_TRAINING_CANDIDATE,76.868,243.077,768.678
002842,4,person,1,0,10,0.607993,0.607993,7.7001e-08,0.0,COLLAPSED,VALIDATION_GT_NOT_TRAINING_CANDIDATE,113.96,360.373,1139.598
002955,0,garbage_can,0,1,10,0.867045,0.867045,3.0263367e-05,0.029555,LOW,VALIDATION_GT_NOT_TRAINING_CANDIDATE,5.748,18.178,57.483
002955,1,garbage_can,1,1,10,0.870876,0.870876,2.467374e-06,0.048143,COLLAPSED,VALIDATION_GT_NOT_TRAINING_CANDIDATE,20.132,63.662,201.318
002987,12,person,0,1,8,0.740487,0.740487,0.001189659466,0.195794,NORMAL,VALIDATION_GT_NOT_TRAINING_CANDIDATE,0.917,2.899,9.168
002987,14,bicycle,1,0,10,0.676954,0.676954,6.416455e-06,0.0,COLLAPSED,VALIDATION_GT_NOT_TRAINING_CANDIDATE,12.484,39.478,124.84
002987,15,bicycle,0,1,10,0.826452,0.826452,3.9862545e-05,0.365495,LOW,VALIDATION_GT_NOT_TRAINING_CANDIDATE,5.009,15.839,50.086
002987,3,person,1,0,10,0.872445,0.872445,3.853599e-06,0.0,COLLAPSED,VALIDATION_GT_NOT_TRAINING_CANDIDATE,16.109,50.941,161.089
003007,6,person,1,0,9,0.77765,0.77765,1.142628e-06,0.0,COLLAPSED,VALIDATION_GT_NOT_TRAINING_CANDIDATE,29.583,93.551,295.834
003056,1,person,1,0,10,0.81524,0.81524,3.149309e-06,0.0,COLLAPSED,VALIDATION_GT_NOT_TRAINING_CANDIDATE,17.819,56.35,178.194
003056,3,person,1,0,10,0.575384,0.575384,6.489899e-06,0.0,COLLAPSED,VALIDATION_GT_NOT_TRAINING_CANDIDATE,12.413,39.254,124.131
003056,8,bicycle,1,0,8,0.66469,0.66469,1.594265e-06,0.0,COLLAPSED,VALIDATION_GT_NOT_TRAINING_CANDIDATE,25.045,79.199,250.449
003148,0,animal,1,0,10,0.819686,0.819686,6.498848e-06,0.0,COLLAPSED,VALIDATION_GT_NOT_TRAINING_CANDIDATE,12.405,39.227,124.046
003148,7,person,1,0,7,0.739586,0.739586,2.68365e-07,0.0,COLLAPSED,VALIDATION_GT_NOT_TRAINING_CANDIDATE,61.043,193.035,610.432
003148,8,person,1,0,7,0.611869,0.611869,9.49069e-07,0.0,COLLAPSED,VALIDATION_GT_NOT_TRAINING_CANDIDATE,32.46,102.648,324.602
003288,11,person,1,1,10,0.715897,0.715897,6.736028e-06,0.019196,COLLAPSED,VALIDATION_GT_NOT_TRAINING_CANDIDATE,12.184,38.53,121.842
003288,16,animal,1,0,10,0.723341,0.723341,9.0154e-08,0.0,COLLAPSED,VALIDATION_GT_NOT_TRAINING_CANDIDATE,105.319,333.049,1053.192
003317,7,sign,1,0,10,0.614033,0.614033,1.22598e-07,0.0,COLLAPSED,VALIDATION_GT_NOT_TRAINING_CANDIDATE,90.315,285.6,903.147
003419,13,light,1,1,10,0.662419,0.662419,6.010237e-06,0.095658,COLLAPSED,VALIDATION_GT_NOT_TRAINING_CANDIDATE,12.899,40.79,128.989
003419,14,light,1,1,10,0.560868,0.560868,1.155587e-06,0.052177,COLLAPSED,VALIDATION_GT_NOT_TRAINING_CANDIDATE,29.417,93.025,294.17
003419,19,light,0,1,10,0.742705,0.742705,0.000122187412,0.124177,LOW,VALIDATION_GT_NOT_TRAINING_CANDIDATE,2.861,9.047,28.608
003739,2,animal,1,0,10,0.89172,0.89172,7.67716e-07,0.0,COLLAPSED,VALIDATION_GT_NOT_TRAINING_CANDIDATE,36.091,114.13,360.911
003863,1,person,1,1,10,0.59537,0.59537,4.7737e-08,0.011277,COLLAPSED,VALIDATION_GT_NOT_TRAINING_CANDIDATE,144.735,457.691,1447.346
003863,3,person,1,1,10,0.558004,0.558004,2.97126e-07,0.001556,COLLAPSED,VALIDATION_GT_NOT_TRAINING_CANDIDATE,58.014,183.455,580.136
003863,5,animal,1,0,10,0.846583,0.846583,3.05181e-07,0.0,COLLAPSED,VALIDATION_GT_NOT_TRAINING_CANDIDATE,57.243,181.018,572.429
003902,5,person,1,0,10,0.56405,0.56405,9.431882e-06,0.0,COLLAPSED,VALIDATION_GT_NOT_TRAINING_CANDIDATE,10.297,32.561,102.968
003941,21,person,1,0,10,0.769016,0.769016,2.736105e-06,0.0,COLLAPSED,VALIDATION_GT_NOT_TRAINING_CANDIDATE,19.118,60.455,191.176
003987,55,bicycle,1,1,10,0.557727,0.557727,3.18678e-07,0.113976,COLLAPSED,VALIDATION_GT_NOT_TRAINING_CANDIDATE,56.018,177.143,560.175
hehe_186_000002_028_00000050,1,sign,1,0,10,0.838326,0.838326,4.001597e-06,0.0,COLLAPSED,VALIDATION_GT_NOT_TRAINING_CANDIDATE,15.808,49.99,158.082
hehe_22_00000004,9,bicycle,0,1,10,0.744987,0.744987,5.4942007e-05,0.230276,LOW,VALIDATION_GT_NOT_TRAINING_CANDIDATE,4.266,13.491,42.663
hehe_230_000002_043_00000061,13,person,0,1,10,0.713321,0.713321,0.001928415382,0.323874,NORMAL,VALIDATION_GT_NOT_TRAINING_CANDIDATE,0.72,2.277,7.201
hehe_61_00000090,10,bicycle,1,0,10,0.830554,0.830554,2.58868e-06,0.0,COLLAPSED,VALIDATION_GT_NOT_TRAINING_CANDIDATE,19.654,62.153,196.544
hehe_61_00000090,11,bicycle,1,0,10,0.696734,0.696734,8.121548e-06,0.0,COLLAPSED,VALIDATION_GT_NOT_TRAINING_CANDIDATE,11.096,35.09,110.964
hehe_65_00000229,2,sign,1,0,10,0.923865,0.923865,4.954743e-06,0.0,COLLAPSED,VALIDATION_GT_NOT_TRAINING_CANDIDATE,14.207,44.925,142.066
hehe_6_00000054,0,ball,1,0,10,0.759694,0.759694,6.29749e-07,0.0,COLLAPSED,VALIDATION_GT_NOT_TRAINING_CANDIDATE,39.849,126.013,398.489
hehe_6_00000054,16,car,1,1,10,0.72529,0.72529,1.522228e-06,0.150867,COLLAPSED,VALIDATION_GT_NOT_TRAINING_CANDIDATE,25.631,81.051,256.307
hehe_6_00000054,17,car,1,1,10,0.61246,0.61246,9.285824e-06,0.000699,COLLAPSED,VALIDATION_GT_NOT_TRAINING_CANDIDATE,10.377,32.816,103.774
shuming_340_00000020,1,sign,1,1,10,0.815057,0.815057,4.92477e-07,0.185245,COLLAPSED,VALIDATION_GT_NOT_TRAINING_CANDIDATE,45.062,142.497,450.616
shuming_485_00000027,3,light,1,0,10,0.775968,0.775968,6.4917e-08,0.0,COLLAPSED,VALIDATION_GT_NOT_TRAINING_CANDIDATE,124.114,392.483,1241.14
shuming_485_00000027,4,light,1,0,10,0.707756,0.707756,1.771952e-06,0.0,COLLAPSED,VALIDATION_GT_NOT_TRAINING_CANDIDATE,23.756,75.123,237.56
shuming_562_00000223,2,animal,1,0,10,0.855888,0.855888,8.56382e-07,0.0,COLLAPSED,VALIDATION_GT_NOT_TRAINING_CANDIDATE,34.172,108.06,341.717
shuming_63_00000393,4,light,1,0,10,0.603633,0.603633,3.753515e-06,0.0,COLLAPSED,VALIDATION_GT_NOT_TRAINING_CANDIDATE,16.322,51.616,163.223
shuming_63_00000393,7,light,1,0,10,0.772091,0.772091,7.6608e-07,0.0,COLLAPSED,VALIDATION_GT_NOT_TRAINING_CANDIDATE,36.13,114.252,361.296
shuming_63_00000393,8,light,1,0,10,0.707484,0.707484,2.070175e-06,0.0,COLLAPSED,VALIDATION_GT_NOT_TRAINING_CANDIDATE,21.978,69.502,219.784
shuming_63_00000393,9,light,1,0,10,0.938255,0.938255,1.249893e-06,0.0,COLLAPSED,VALIDATION_GT_NOT_TRAINING_CANDIDATE,28.285,89.447,282.855
shuming_783_00000248,2,seat,1,0,10,0.754507,0.754507,7.24475e-07,0.0,COLLAPSED,VALIDATION_GT_NOT_TRAINING_CANDIDATE,37.153,117.487,371.525
shuming_85_00000273,4,light,1,0,10,0.648559,0.648559,1.999649e-06,0.0,COLLAPSED,VALIDATION_GT_NOT_TRAINING_CANDIDATE,22.363,70.717,223.626
